Sequence,Protein,rownames,TrimSequence,TrimProtein,Number,Copies,Name,ID,Loci
GCCTCGAGTGTCCCCCCAGCACGTTTCTTGGAGCAGGGTAAGTCTGAGTGTCATTTCTTCAACGGGACGGAGCGGGTGCGGTACCTGCAGAGACACTTCTATAACCAGGAGGAGTTCGTGCGCTTCGACAGCGACGTGGGGGAGTTCCGGGCGGTGACGGAGCTGGGGCGGCCTGTCGCCGAGTCCTGGAACAGCCAGAAGGACTACCTGGAGCAGAGGCGGGCCGCGGTGGACAACTTCTGCAGATACAACTACCAGGTTGGTGAGAGCTTCACAGTGCAGCGGCGAGGTGAAAGCTTGC,ASSVPPARFLEQGKSECHFFNGTERVRYLQRHFYNQEEFVRFDSDVGEFRAVTELGRPVAESWNSQKDYLEQRRAAVDNFCRYNYQVGESFTVQRRGESL,1,TTGGAGCAGGGTAAGTCTGAGTGTCATTTCTTCAACGGGACGGAGCGGGTGCGGTACCTGCAGAGACACTTCTATAACCAGGAGGAGTTCGTGCGCTTCGACAGCGACGTGGGGGAGTTCCGGGCGGTGACGGAGCTGGGGCGGCCTGTCGCCGAGTCCTGGAACAGCCAGAAGGACTACCTGGAGCAGAGGCGGGCCGCGGTGGACAACTTCTGCAGATACAACTACCAGGTTGGTGAGAGCTTCACAGTGCAGCGGCGAG,LEQGKSECHFFNGTERVRYLQRHFYNQEEFVRFDSDVGEFRAVTELGRPVAESWNSQKDYLEQRRAAVDNFCRYNYQVGESFTVQRR,1,16782,Paan-DRB3*04:02,1,drb
GCCTCGAGTGTCCCCCCAGCACGTTTCTTGGAGCAGGGTAAGTCTGAGTGTCATTTCTTCAACGGGACGGAGCGGGTGCGGTACCTGCAGAGACACTTCTATAACCAGGAGGAGTTCGTGCGCTTCGACAGCGACGTGGGGGAGTTCCGGGCGGTGACGGAGCTGGGGCGGCCTGTCGCCGAGTCCTGGAACAGCCAGAAGGACTACCTGGAGCAGAGGCGGGCCGCGGTGGACAACTTCTGCAGATACAACTACCAGGTTGGTGAGAGCTTCACAGTGCAGCGGCGAGGTGAAAGCTTGC,ASSVPPARFLEQGKSECHFFNGTERVRYLQRHFYNQEEFVRFDSDVGEFRAVTELGRPVAESWNSQKDYLEQRRAAVDNFCRYNYQVGESFTVQRRGESL,1,TTGGAGCAGGGTAAGTCTGAGTGTCATTTCTTCAACGGGACGGAGCGGGTGCGGTACCTGCAGAGACACTTCTATAACCAGGAGGAGTTCGTGCGCTTCGACAGCGACGTGGGGGAGTTCCGGGCGGTGACGGAGCTGGGGCGGCCTGTCGCCGAGTCCTGGAACAGCCAGAAGGACTACCTGGAGCAGAGGCGGGCCGCGGTGGACAACTTCTGCAGATACAACTACCAGGTTGGTGAGAGCTTCACAGTGCAGCGGCGAG,LEQGKSECHFFNGTERVRYLQRHFYNQEEFVRFDSDVGEFRAVTELGRPVAESWNSQKDYLEQRRAAVDNFCRYNYQVGESFTVQRR,1,19161,Paan-DRB3*04:02,2,drb
GCCTCGAGTGTCCCCCCAGCACGTTTCTTGGAGCAGGGTAAGTCTGAGTGTCATTTCTTCAACGGGACGGAGCGGGTGCGGTACCTGCAGAGACACTTCTATAACCAGGAGGAGTTCGTGCGCTTCGACAGCGACGTGGGGGAGTTCCGGGCGGTGACGGAGCTGGGGCGGCCTGTCGCCGAGTCCTGGAACAGCCAGAAGGACTACCTGGAGCAGAGGCGGGCCGCGGTGGACAACTTCTGCAGATACAACTACCAGGTTGGTGAGAGCTTCACAGTGCAGCGGCGAGGTGAAAGCTTGC,ASSVPPARFLEQGKSECHFFNGTERVRYLQRHFYNQEEFVRFDSDVGEFRAVTELGRPVAESWNSQKDYLEQRRAAVDNFCRYNYQVGESFTVQRRGESL,1,TTGGAGCAGGGTAAGTCTGAGTGTCATTTCTTCAACGGGACGGAGCGGGTGCGGTACCTGCAGAGACACTTCTATAACCAGGAGGAGTTCGTGCGCTTCGACAGCGACGTGGGGGAGTTCCGGGCGGTGACGGAGCTGGGGCGGCCTGTCGCCGAGTCCTGGAACAGCCAGAAGGACTACCTGGAGCAGAGGCGGGCCGCGGTGGACAACTTCTGCAGATACAACTACCAGGTTGGTGAGAGCTTCACAGTGCAGCGGCGAG,LEQGKSECHFFNGTERVRYLQRHFYNQEEFVRFDSDVGEFRAVTELGRPVAESWNSQKDYLEQRRAAVDNFCRYNYQVGESFTVQRR,1,38734,Paan-DRB3*04:02,3,drb
GCCTCGAGTGTCCCCCCAGCACGTTTCTTGGAGCAGGGTAAGTCTGAGTGTCATTTCTTCAACGGGACGGAGCGGGTGCGGTACCTGCAGAGACACTTCTATAACCAGGAGGAGTTCGTGCGCTTCGACAGCGACGTGGGGGAGTTCCGGGCGGTGACGGAGCTGGGGCGGCCTGTCGCCGAGTCCTGGAACAGCCAGAAGGACTACCTGGAGCAGAGGCGGGCCGCGGTGGACAACTTCTGCAGATACAACTACCAGGTTGGTGAGAGCTTCACAGTGCAGCGGCGAGGTGAAAGCTTGC,ASSVPPARFLEQGKSECHFFNGTERVRYLQRHFYNQEEFVRFDSDVGEFRAVTELGRPVAESWNSQKDYLEQRRAAVDNFCRYNYQVGESFTVQRRGESL,1,TTGGAGCAGGGTAAGTCTGAGTGTCATTTCTTCAACGGGACGGAGCGGGTGCGGTACCTGCAGAGACACTTCTATAACCAGGAGGAGTTCGTGCGCTTCGACAGCGACGTGGGGGAGTTCCGGGCGGTGACGGAGCTGGGGCGGCCTGTCGCCGAGTCCTGGAACAGCCAGAAGGACTACCTGGAGCAGAGGCGGGCCGCGGTGGACAACTTCTGCAGATACAACTACCAGGTTGGTGAGAGCTTCACAGTGCAGCGGCGAG,LEQGKSECHFFNGTERVRYLQRHFYNQEEFVRFDSDVGEFRAVTELGRPVAESWNSQKDYLEQRRAAVDNFCRYNYQVGESFTVQRR,1,18687,Paan-DRB3*04:02,11,drb
GCCTCGAGTGTCCCCCCAGCACGTTTCTTGGAGCAGGGTAAGTCTGAGTGTCATTTCTTCAACGGGACGGAGCGGGTGCGGTACCTGCAGAGACACTTCTATAACCAGGAGGAGTTCGTGCGCTTCGACAGCGACGTGGGGGAGTTCCGGGCGGTGACGGAGCTGGGGCGGCCTGTCGCCGAGTCCTGGAACAGCCAGAAGGACTACCTGGAGCAGAGGCGGGCCGCGGTGGACAACTTCTGCAGATACAACTACCAGGTTGGTGAGAGCTTCACAGTGCAGCGGCGAGGTGAAAGCTTGC,ASSVPPARFLEQGKSECHFFNGTERVRYLQRHFYNQEEFVRFDSDVGEFRAVTELGRPVAESWNSQKDYLEQRRAAVDNFCRYNYQVGESFTVQRRGESL,1,TTGGAGCAGGGTAAGTCTGAGTGTCATTTCTTCAACGGGACGGAGCGGGTGCGGTACCTGCAGAGACACTTCTATAACCAGGAGGAGTTCGTGCGCTTCGACAGCGACGTGGGGGAGTTCCGGGCGGTGACGGAGCTGGGGCGGCCTGTCGCCGAGTCCTGGAACAGCCAGAAGGACTACCTGGAGCAGAGGCGGGCCGCGGTGGACAACTTCTGCAGATACAACTACCAGGTTGGTGAGAGCTTCACAGTGCAGCGGCGAG,LEQGKSECHFFNGTERVRYLQRHFYNQEEFVRFDSDVGEFRAVTELGRPVAESWNSQKDYLEQRRAAVDNFCRYNYQVGESFTVQRR,1,26135,Paan-DRB3*04:02,15,drb
GCCTCGAGTGTCCCCCCAGCACGTTTCTTGGAGCAGGGTAAGTCTGAGTGTCATTTCTTCAACGGGACGGAGCGGGTGCGGTACCTGCAGAGACACTTCTATAACCAGGAGGAGTTCGTGCGCTTCGACAGCGACGTGGGGGAGTTCCGGGCGGTGACGGAGCTGGGGCGGCCTGTCGCCGAGTCCTGGAACAGCCAGAAGGACTACCTGGAGCAGAGGCGGGCCGCGGTGGACAACTTCTGCAGATACAACTACCAGGTTGGTGAGAGCTTCACAGTGCAGCGGCGAGGTGAAAGCTTGC,ASSVPPARFLEQGKSECHFFNGTERVRYLQRHFYNQEEFVRFDSDVGEFRAVTELGRPVAESWNSQKDYLEQRRAAVDNFCRYNYQVGESFTVQRRGESL,1,TTGGAGCAGGGTAAGTCTGAGTGTCATTTCTTCAACGGGACGGAGCGGGTGCGGTACCTGCAGAGACACTTCTATAACCAGGAGGAGTTCGTGCGCTTCGACAGCGACGTGGGGGAGTTCCGGGCGGTGACGGAGCTGGGGCGGCCTGTCGCCGAGTCCTGGAACAGCCAGAAGGACTACCTGGAGCAGAGGCGGGCCGCGGTGGACAACTTCTGCAGATACAACTACCAGGTTGGTGAGAGCTTCACAGTGCAGCGGCGAG,LEQGKSECHFFNGTERVRYLQRHFYNQEEFVRFDSDVGEFRAVTELGRPVAESWNSQKDYLEQRRAAVDNFCRYNYQVGESFTVQRR,1,18276,Paan-DRB3*04:02,19,drb
GCCTCGAGTGTCCCCCCAGCACGTTTCTTGGAGCAGGGTAAGTCTGAGTGTCATTTCTTCAACGGGACGGAGCGGGTGCGGTACCTGCAGAGACACTTCTATAACCAGGAGGAGTTCGTGCGCTTCGACAGCGACGTGGGGGAGTTCCGGGCGGTGACGGAGCTGGGGCGGCCTGTCGCCGAGTCCTGGAACAGCCAGAAGGACTACCTGGAGCAGAGGCGGGCCGCGGTGGACAACTTCTGCAGATACAACTACCAGGTTGGTGAGAGCTTCACAGTGCAGCGGCGAGGTGAAAGCTTGC,ASSVPPARFLEQGKSECHFFNGTERVRYLQRHFYNQEEFVRFDSDVGEFRAVTELGRPVAESWNSQKDYLEQRRAAVDNFCRYNYQVGESFTVQRRGESL,1,TTGGAGCAGGGTAAGTCTGAGTGTCATTTCTTCAACGGGACGGAGCGGGTGCGGTACCTGCAGAGACACTTCTATAACCAGGAGGAGTTCGTGCGCTTCGACAGCGACGTGGGGGAGTTCCGGGCGGTGACGGAGCTGGGGCGGCCTGTCGCCGAGTCCTGGAACAGCCAGAAGGACTACCTGGAGCAGAGGCGGGCCGCGGTGGACAACTTCTGCAGATACAACTACCAGGTTGGTGAGAGCTTCACAGTGCAGCGGCGAG,LEQGKSECHFFNGTERVRYLQRHFYNQEEFVRFDSDVGEFRAVTELGRPVAESWNSQKDYLEQRRAAVDNFCRYNYQVGESFTVQRR,1,14811,Paan-DRB3*04:02,20,drb
GCCTCGAGTGTCCCCCCAGCACGTTTCTTGGAGCAGGCTAAGTCTGAGTGTCACTTCTTCAATGGGACGGAGCGGGTGCGGTACCTGGACAGATACTTCTATAACCAGGAGGAGTACGTGCGCTTCGACAGCGACGTGGGGGAGTTCCGGGCGGTGACGGAGCTGGGGCGGCCTGACGCCCAATACTGGAACAGCCAGAAGGACTTCCTGGAAGACAGTCGGGCCGCGGTGGACACCTACTGCAGACACAACTACGGGGTTGGTGAGAGCTTCACAGTGCAGCGGCGAGGTGAAAGCTTGC,ASSVPPARFLEQAKSECHFFNGTERVRYLDRYFYNQEEYVRFDSDVGEFRAVTELGRPDAQYWNSQKDFLEDSRAAVDTYCRHNYGVGESFTVQRRGESL,2,TTGGAGCAGGCTAAGTCTGAGTGTCACTTCTTCAATGGGACGGAGCGGGTGCGGTACCTGGACAGATACTTCTATAACCAGGAGGAGTACGTGCGCTTCGACAGCGACGTGGGGGAGTTCCGGGCGGTGACGGAGCTGGGGCGGCCTGACGCCCAATACTGGAACAGCCAGAAGGACTTCCTGGAAGACAGTCGGGCCGCGGTGGACACCTACTGCAGACACAACTACGGGGTTGGTGAGAGCTTCACAGTGCAGCGGCGAG,LEQAKSECHFFNGTERVRYLDRYFYNQEEYVRFDSDVGEFRAVTELGRPDAQYWNSQKDFLEDSRAAVDTYCRHNYGVGESFTVQRR,2,13958,Paan-DRB*W057:01,1,drb
GCCTCGAGTGTCCCCCCAGCACGTTTCTTGGAGCAGGCTAAGTCTGAGTGTCACTTCTTCAATGGGACGGAGCGGGTGCGGTACCTGGACAGATACTTCTATAACCAGGAGGAGTACGTGCGCTTCGACAGCGACGTGGGGGAGTTCCGGGCGGTGACGGAGCTGGGGCGGCCTGACGCCCAATACTGGAACAGCCAGAAGGACTTCCTGGAAGACAGTCGGGCCGCGGTGGACACCTACTGCAGACACAACTACGGGGTTGGTGAGAGCTTCACAGTGCAGCGGCGAGGTGAAAGCTTGC,ASSVPPARFLEQAKSECHFFNGTERVRYLDRYFYNQEEYVRFDSDVGEFRAVTELGRPDAQYWNSQKDFLEDSRAAVDTYCRHNYGVGESFTVQRRGESL,2,TTGGAGCAGGCTAAGTCTGAGTGTCACTTCTTCAATGGGACGGAGCGGGTGCGGTACCTGGACAGATACTTCTATAACCAGGAGGAGTACGTGCGCTTCGACAGCGACGTGGGGGAGTTCCGGGCGGTGACGGAGCTGGGGCGGCCTGACGCCCAATACTGGAACAGCCAGAAGGACTTCCTGGAAGACAGTCGGGCCGCGGTGGACACCTACTGCAGACACAACTACGGGGTTGGTGAGAGCTTCACAGTGCAGCGGCGAG,LEQAKSECHFFNGTERVRYLDRYFYNQEEYVRFDSDVGEFRAVTELGRPDAQYWNSQKDFLEDSRAAVDTYCRHNYGVGESFTVQRR,2,10096,Paan-DRB*W057:01,8,drb
GCCTCGAGTGTCCCCCCAGCACGTTTCTTGGAGCAGGCTAAGTCTGAGTGTCACTTCTTCAATGGGACGGAGCGGGTGCGGTACCTGGACAGATACTTCTATAACCAGGAGGAGTACGTGCGCTTCGACAGCGACGTGGGGGAGTTCCGGGCGGTGACGGAGCTGGGGCGGCCTGACGCCCAATACTGGAACAGCCAGAAGGACTTCCTGGAAGACAGTCGGGCCGCGGTGGACACCTACTGCAGACACAACTACGGGGTTGGTGAGAGCTTCACAGTGCAGCGGCGAGGTGAAAGCTTGC,ASSVPPARFLEQAKSECHFFNGTERVRYLDRYFYNQEEYVRFDSDVGEFRAVTELGRPDAQYWNSQKDFLEDSRAAVDTYCRHNYGVGESFTVQRRGESL,2,TTGGAGCAGGCTAAGTCTGAGTGTCACTTCTTCAATGGGACGGAGCGGGTGCGGTACCTGGACAGATACTTCTATAACCAGGAGGAGTACGTGCGCTTCGACAGCGACGTGGGGGAGTTCCGGGCGGTGACGGAGCTGGGGCGGCCTGACGCCCAATACTGGAACAGCCAGAAGGACTTCCTGGAAGACAGTCGGGCCGCGGTGGACACCTACTGCAGACACAACTACGGGGTTGGTGAGAGCTTCACAGTGCAGCGGCGAG,LEQAKSECHFFNGTERVRYLDRYFYNQEEYVRFDSDVGEFRAVTELGRPDAQYWNSQKDFLEDSRAAVDTYCRHNYGVGESFTVQRR,1,8746,Paan-DRB*W057:01,16,drb
GCCTCGAGTGTCCCCCCAGCACGTTTCTTGGAGCAGGCTAAGTCTGAGTGTCACTTCTTCAATGGGACGGAGCGGGTGCGGTACCTGGACAGATACTTCTATAACCAGGAGGAGTACGTGCGCTTCGACAGCGACGTGGGGGAGTTCCGGGCGGTGACGGAGCTGGGGCGGCCTGACGCCCAATACTGGAACAGCCAGAAGGACTTCCTGGAAGACAGTCGGGCCGCGGTGGACACCTACTGCAGACACAACTACGGGGTTGGTGAGAGCTTCACAGTGCAGCGGCGAGGTGAAAGCTTGC,ASSVPPARFLEQAKSECHFFNGTERVRYLDRYFYNQEEYVRFDSDVGEFRAVTELGRPDAQYWNSQKDFLEDSRAAVDTYCRHNYGVGESFTVQRRGESL,2,TTGGAGCAGGCTAAGTCTGAGTGTCACTTCTTCAATGGGACGGAGCGGGTGCGGTACCTGGACAGATACTTCTATAACCAGGAGGAGTACGTGCGCTTCGACAGCGACGTGGGGGAGTTCCGGGCGGTGACGGAGCTGGGGCGGCCTGACGCCCAATACTGGAACAGCCAGAAGGACTTCCTGGAAGACAGTCGGGCCGCGGTGGACACCTACTGCAGACACAACTACGGGGTTGGTGAGAGCTTCACAGTGCAGCGGCGAG,LEQAKSECHFFNGTERVRYLDRYFYNQEEYVRFDSDVGEFRAVTELGRPDAQYWNSQKDFLEDSRAAVDTYCRHNYGVGESFTVQRR,3,14803,Paan-DRB*W057:01,18,drb
GCCTCGAGTGTCCCCCCAGCACGTTTCTTGGAGTACTCTACGTCTGAGTGTCACTTCTTCAATGGGACGGAGCGGGTGCGGTACCTGGACAGATACTTCTATAACCAAGAGGAGTACGTGCGCTTCGACAGCGACGTGGGGGAGTACCGGGCGGTGACGGAGCTGGGGCGGCCTGACGCCGAGTACTGGAACAGCCAGAAGGACCTCCTGGAGCAGAAGCGGGGCCAGGTGGACAACTACTGCAGACACAACTACGGGGTTGGTGAGAGCTTCACAGTGCAGCGGCGAGGTGAAAGCTTGC,ASSVPPARFLEYSTSECHFFNGTERVRYLDRYFYNQEEYVRFDSDVGEYRAVTELGRPDAEYWNSQKDLLEQKRGQVDNYCRHNYGVGESFTVQRRGESL,3,TTGGAGTACTCTACGTCTGAGTGTCACTTCTTCAATGGGACGGAGCGGGTGCGGTACCTGGACAGATACTTCTATAACCAAGAGGAGTACGTGCGCTTCGACAGCGACGTGGGGGAGTACCGGGCGGTGACGGAGCTGGGGCGGCCTGACGCCGAGTACTGGAACAGCCAGAAGGACCTCCTGGAGCAGAAGCGGGGCCAGGTGGACAACTACTGCAGACACAACTACGGGGTTGGTGAGAGCTTCACAGTGCAGCGGCGAG,LEYSTSECHFFNGTERVRYLDRYFYNQEEYVRFDSDVGEYRAVTELGRPDAEYWNSQKDLLEQKRGQVDNYCRHNYGVGESFTVQRR,3,13934,Paan-DRB1*03:05,1,drb
GCCTCGAGTGTCCCCCCAGCACGTTTCTTGGAGTACTCTACGTCTGAGTGTCACTTCTTCAATGGGACGGAGCGGGTGCGGTACCTGGACAGATACTTCTATAACCAAGAGGAGTACGTGCGCTTCGACAGCGACGTGGGGGAGTACCGGGCGGTGACGGAGCTGGGGCGGCCTGACGCCGAGTACTGGAACAGCCAGAAGGACCTCCTGGAGCAGAAGCGGGGCCAGGTGGACAACTACTGCAGACACAACTACGGGGTTGGTGAGAGCTTCACAGTGCAGCGGCGAGGTGAAAGCTTGC,ASSVPPARFLEYSTSECHFFNGTERVRYLDRYFYNQEEYVRFDSDVGEYRAVTELGRPDAEYWNSQKDLLEQKRGQVDNYCRHNYGVGESFTVQRRGESL,3,TTGGAGTACTCTACGTCTGAGTGTCACTTCTTCAATGGGACGGAGCGGGTGCGGTACCTGGACAGATACTTCTATAACCAAGAGGAGTACGTGCGCTTCGACAGCGACGTGGGGGAGTACCGGGCGGTGACGGAGCTGGGGCGGCCTGACGCCGAGTACTGGAACAGCCAGAAGGACCTCCTGGAGCAGAAGCGGGGCCAGGTGGACAACTACTGCAGACACAACTACGGGGTTGGTGAGAGCTTCACAGTGCAGCGGCGAG,LEYSTSECHFFNGTERVRYLDRYFYNQEEYVRFDSDVGEYRAVTELGRPDAEYWNSQKDLLEQKRGQVDNYCRHNYGVGESFTVQRR,3,17921,Paan-DRB1*03:05,4,drb
GCCTCGAGTGTCCCCCCAGCACGTTTCTTGGAGTACTCTACGTCTGAGTGTCACTTCTTCAATGGGACGGAGCGGGTGCGGTACCTGGACAGATACTTCTATAACCAAGAGGAGTACGTGCGCTTCGACAGCGACGTGGGGGAGTACCGGGCGGTGACGGAGCTGGGGCGGCCTGACGCCGAGTACTGGAACAGCCAGAAGGACCTCCTGGAGCAGAAGCGGGGCCAGGTGGACAACTACTGCAGACACAACTACGGGGTTGGTGAGAGCTTCACAGTGCAGCGGCGAGGTGAAAGCTTGC,ASSVPPARFLEYSTSECHFFNGTERVRYLDRYFYNQEEYVRFDSDVGEYRAVTELGRPDAEYWNSQKDLLEQKRGQVDNYCRHNYGVGESFTVQRRGESL,3,TTGGAGTACTCTACGTCTGAGTGTCACTTCTTCAATGGGACGGAGCGGGTGCGGTACCTGGACAGATACTTCTATAACCAAGAGGAGTACGTGCGCTTCGACAGCGACGTGGGGGAGTACCGGGCGGTGACGGAGCTGGGGCGGCCTGACGCCGAGTACTGGAACAGCCAGAAGGACCTCCTGGAGCAGAAGCGGGGCCAGGTGGACAACTACTGCAGACACAACTACGGGGTTGGTGAGAGCTTCACAGTGCAGCGGCGAG,LEYSTSECHFFNGTERVRYLDRYFYNQEEYVRFDSDVGEYRAVTELGRPDAEYWNSQKDLLEQKRGQVDNYCRHNYGVGESFTVQRR,2,21582,Paan-DRB1*03:05,5,drb
GCCTCGAGTGTCCCCCCAGCACGTTTCTTGGAGTACTCTACGTCTGAGTGTCACTTCTTCAATGGGACGGAGCGGGTGCGGTACCTGGACAGATACTTCTATAACCAAGAGGAGTACGTGCGCTTCGACAGCGACGTGGGGGAGTACCGGGCGGTGACGGAGCTGGGGCGGCCTGACGCCGAGTACTGGAACAGCCAGAAGGACCTCCTGGAGCAGAAGCGGGGCCAGGTGGACAACTACTGCAGACACAACTACGGGGTTGGTGAGAGCTTCACAGTGCAGCGGCGAGGTGAAAGCTTGC,ASSVPPARFLEYSTSECHFFNGTERVRYLDRYFYNQEEYVRFDSDVGEYRAVTELGRPDAEYWNSQKDLLEQKRGQVDNYCRHNYGVGESFTVQRRGESL,3,TTGGAGTACTCTACGTCTGAGTGTCACTTCTTCAATGGGACGGAGCGGGTGCGGTACCTGGACAGATACTTCTATAACCAAGAGGAGTACGTGCGCTTCGACAGCGACGTGGGGGAGTACCGGGCGGTGACGGAGCTGGGGCGGCCTGACGCCGAGTACTGGAACAGCCAGAAGGACCTCCTGGAGCAGAAGCGGGGCCAGGTGGACAACTACTGCAGACACAACTACGGGGTTGGTGAGAGCTTCACAGTGCAGCGGCGAG,LEYSTSECHFFNGTERVRYLDRYFYNQEEYVRFDSDVGEYRAVTELGRPDAEYWNSQKDLLEQKRGQVDNYCRHNYGVGESFTVQRR,5,9031,Paan-DRB1*03:05,8,drb
GCCTCGAGTGTCCCCCCAGCACGTTTCTTGGAGTACTCTACGTCTGAGTGTCACTTCTTCAATGGGACGGAGCGGGTGCGGTACCTGGACAGATACTTCTATAACCAAGAGGAGTACGTGCGCTTCGACAGCGACGTGGGGGAGTACCGGGCGGTGACGGAGCTGGGGCGGCCTGACGCCGAGTACTGGAACAGCCAGAAGGACCTCCTGGAGCAGAAGCGGGGCCAGGTGGACAACTACTGCAGACACAACTACGGGGTTGGTGAGAGCTTCACAGTGCAGCGGCGAGGTGAAAGCTTGC,ASSVPPARFLEYSTSECHFFNGTERVRYLDRYFYNQEEYVRFDSDVGEYRAVTELGRPDAEYWNSQKDLLEQKRGQVDNYCRHNYGVGESFTVQRRGESL,3,TTGGAGTACTCTACGTCTGAGTGTCACTTCTTCAATGGGACGGAGCGGGTGCGGTACCTGGACAGATACTTCTATAACCAAGAGGAGTACGTGCGCTTCGACAGCGACGTGGGGGAGTACCGGGCGGTGACGGAGCTGGGGCGGCCTGACGCCGAGTACTGGAACAGCCAGAAGGACCTCCTGGAGCAGAAGCGGGGCCAGGTGGACAACTACTGCAGACACAACTACGGGGTTGGTGAGAGCTTCACAGTGCAGCGGCGAG,LEYSTSECHFFNGTERVRYLDRYFYNQEEYVRFDSDVGEYRAVTELGRPDAEYWNSQKDLLEQKRGQVDNYCRHNYGVGESFTVQRR,2,10681,Paan-DRB1*03:05,12,drb
GCCTCGAGTGTCCCCCCAGCACGTTTCTTGGAGTACTCTACGTCTGAGTGTCACTTCTTCAATGGGACGGAGCGGGTGCGGTACCTGGACAGATACTTCTATAACCAAGAGGAGTACGTGCGCTTCGACAGCGACGTGGGGGAGTACCGGGCGGTGACGGAGCTGGGGCGGCCTGACGCCGAGTACTGGAACAGCCAGAAGGACCTCCTGGAGCAGAAGCGGGGCCAGGTGGACAACTACTGCAGACACAACTACGGGGTTGGTGAGAGCTTCACAGTGCAGCGGCGAGGTGAAAGCTTGC,ASSVPPARFLEYSTSECHFFNGTERVRYLDRYFYNQEEYVRFDSDVGEYRAVTELGRPDAEYWNSQKDLLEQKRGQVDNYCRHNYGVGESFTVQRRGESL,3,TTGGAGTACTCTACGTCTGAGTGTCACTTCTTCAATGGGACGGAGCGGGTGCGGTACCTGGACAGATACTTCTATAACCAAGAGGAGTACGTGCGCTTCGACAGCGACGTGGGGGAGTACCGGGCGGTGACGGAGCTGGGGCGGCCTGACGCCGAGTACTGGAACAGCCAGAAGGACCTCCTGGAGCAGAAGCGGGGCCAGGTGGACAACTACTGCAGACACAACTACGGGGTTGGTGAGAGCTTCACAGTGCAGCGGCGAG,LEYSTSECHFFNGTERVRYLDRYFYNQEEYVRFDSDVGEYRAVTELGRPDAEYWNSQKDLLEQKRGQVDNYCRHNYGVGESFTVQRR,3,8355,Paan-DRB1*03:05,16,drb
GCCTCGAGTGTCCCCCCAGCACGTTTCTTGGAGTACTCTACGTCTGAGTGTCACTTCTTCAATGGGACGGAGCGGGTGCGGTACCTGGACAGATACTTCTATAACCAAGAGGAGTACGTGCGCTTCGACAGCGACGTGGGGGAGTACCGGGCGGTGACGGAGCTGGGGCGGCCTGACGCCGAGTACTGGAACAGCCAGAAGGACCTCCTGGAGCAGAAGCGGGGCCAGGTGGACAACTACTGCAGACACAACTACGGGGTTGGTGAGAGCTTCACAGTGCAGCGGCGAGGTGAAAGCTTGC,ASSVPPARFLEYSTSECHFFNGTERVRYLDRYFYNQEEYVRFDSDVGEYRAVTELGRPDAEYWNSQKDLLEQKRGQVDNYCRHNYGVGESFTVQRRGESL,3,TTGGAGTACTCTACGTCTGAGTGTCACTTCTTCAATGGGACGGAGCGGGTGCGGTACCTGGACAGATACTTCTATAACCAAGAGGAGTACGTGCGCTTCGACAGCGACGTGGGGGAGTACCGGGCGGTGACGGAGCTGGGGCGGCCTGACGCCGAGTACTGGAACAGCCAGAAGGACCTCCTGGAGCAGAAGCGGGGCCAGGTGGACAACTACTGCAGACACAACTACGGGGTTGGTGAGAGCTTCACAGTGCAGCGGCGAG,LEYSTSECHFFNGTERVRYLDRYFYNQEEYVRFDSDVGEYRAVTELGRPDAEYWNSQKDLLEQKRGQVDNYCRHNYGVGESFTVQRR,2,15219,Paan-DRB1*03:05,18,drb
GCCTCGAGTGTCCCCCCAGCACGTTTCTTAGAGTACTGTAAGTTTGAGTGTCATTTCTTCAATGGGACGGAGCTGGTGCTGTACCTGATCAGATACTTCCATAACCAAGAGGAGTACGTGCGCTACGACAGCGACGTGGGGGAGTACCGGGCGGTGACGGAGCTGGGGCGGCCTGTCGCCGAGAACTGGAACAGCCAGAAGGACCTCCTGGAGCAGAGGCGGGCCGAGGTGGACAACTACTGCAGACACAACTACGGGGTTGGTGAGAGCTTCACAGTGCAGCGGCGAGGTGAAAGCTTGC,ASSVPPARFLEYCKFECHFFNGTELVLYLIRYFHNQEEYVRYDSDVGEYRAVTELGRPVAENWNSQKDLLEQRRAEVDNYCRHNYGVGESFTVQRRGESL,4,TTAGAGTACTGTAAGTTTGAGTGTCATTTCTTCAATGGGACGGAGCTGGTGCTGTACCTGATCAGATACTTCCATAACCAAGAGGAGTACGTGCGCTACGACAGCGACGTGGGGGAGTACCGGGCGGTGACGGAGCTGGGGCGGCCTGTCGCCGAGAACTGGAACAGCCAGAAGGACCTCCTGGAGCAGAGGCGGGCCGAGGTGGACAACTACTGCAGACACAACTACGGGGTTGGTGAGAGCTTCACAGTGCAGCGGCGAG,LEYCKFECHFFNGTELVLYLIRYFHNQEEYVRYDSDVGEYRAVTELGRPVAENWNSQKDLLEQRRAEVDNYCRHNYGVGESFTVQRR,4,13806,Paan-DRB*W001:01,1,drb
GCCTCGAGTGTCCCCCCAGCACGTTTCTTAGAGTACTGTAAGTTTGAGTGTCATTTCTTCAATGGGACGGAGCTGGTGCTGTACCTGATCAGATACTTCCATAACCAAGAGGAGTACGTGCGCTACGACAGCGACGTGGGGGAGTACCGGGCGGTGACGGAGCTGGGGCGGCCTGTCGCCGAGAACTGGAACAGCCAGAAGGACCTCCTGGAGCAGAGGCGGGCCGAGGTGGACAACTACTGCAGACACAACTACGGGGTTGGTGAGAGCTTCACAGTGCAGCGGCGAGGTGAAAGCTTGC,ASSVPPARFLEYCKFECHFFNGTELVLYLIRYFHNQEEYVRYDSDVGEYRAVTELGRPVAENWNSQKDLLEQRRAEVDNYCRHNYGVGESFTVQRRGESL,4,TTAGAGTACTGTAAGTTTGAGTGTCATTTCTTCAATGGGACGGAGCTGGTGCTGTACCTGATCAGATACTTCCATAACCAAGAGGAGTACGTGCGCTACGACAGCGACGTGGGGGAGTACCGGGCGGTGACGGAGCTGGGGCGGCCTGTCGCCGAGAACTGGAACAGCCAGAAGGACCTCCTGGAGCAGAGGCGGGCCGAGGTGGACAACTACTGCAGACACAACTACGGGGTTGGTGAGAGCTTCACAGTGCAGCGGCGAG,LEYCKFECHFFNGTELVLYLIRYFHNQEEYVRYDSDVGEYRAVTELGRPVAENWNSQKDLLEQRRAEVDNYCRHNYGVGESFTVQRR,2,19720,Paan-DRB*W001:01,4,drb
GCCTCGAGTGTCCCCCCAGCACGTTTCTTAGAGTACTGTAAGTTTGAGTGTCATTTCTTCAATGGGACGGAGCTGGTGCTGTACCTGATCAGATACTTCCATAACCAAGAGGAGTACGTGCGCTACGACAGCGACGTGGGGGAGTACCGGGCGGTGACGGAGCTGGGGCGGCCTGTCGCCGAGAACTGGAACAGCCAGAAGGACCTCCTGGAGCAGAGGCGGGCCGAGGTGGACAACTACTGCAGACACAACTACGGGGTTGGTGAGAGCTTCACAGTGCAGCGGCGAGGTGAAAGCTTGC,ASSVPPARFLEYCKFECHFFNGTELVLYLIRYFHNQEEYVRYDSDVGEYRAVTELGRPVAENWNSQKDLLEQRRAEVDNYCRHNYGVGESFTVQRRGESL,4,TTAGAGTACTGTAAGTTTGAGTGTCATTTCTTCAATGGGACGGAGCTGGTGCTGTACCTGATCAGATACTTCCATAACCAAGAGGAGTACGTGCGCTACGACAGCGACGTGGGGGAGTACCGGGCGGTGACGGAGCTGGGGCGGCCTGTCGCCGAGAACTGGAACAGCCAGAAGGACCTCCTGGAGCAGAGGCGGGCCGAGGTGGACAACTACTGCAGACACAACTACGGGGTTGGTGAGAGCTTCACAGTGCAGCGGCGAG,LEYCKFECHFFNGTELVLYLIRYFHNQEEYVRYDSDVGEYRAVTELGRPVAENWNSQKDLLEQRRAEVDNYCRHNYGVGESFTVQRR,1,24119,Paan-DRB*W001:01,5,drb
GCCTCGAGTGTCCCCCCAGCACGTTTCTTAGAGTACTGTAAGTTTGAGTGTCATTTCTTCAATGGGACGGAGCTGGTGCTGTACCTGATCAGATACTTCCATAACCAAGAGGAGTACGTGCGCTACGACAGCGACGTGGGGGAGTACCGGGCGGTGACGGAGCTGGGGCGGCCTGTCGCCGAGAACTGGAACAGCCAGAAGGACCTCCTGGAGCAGAGGCGGGCCGAGGTGGACAACTACTGCAGACACAACTACGGGGTTGGTGAGAGCTTCACAGTGCAGCGGCGAGGTGAAAGCTTGC,ASSVPPARFLEYCKFECHFFNGTELVLYLIRYFHNQEEYVRYDSDVGEYRAVTELGRPVAENWNSQKDLLEQRRAEVDNYCRHNYGVGESFTVQRRGESL,4,TTAGAGTACTGTAAGTTTGAGTGTCATTTCTTCAATGGGACGGAGCTGGTGCTGTACCTGATCAGATACTTCCATAACCAAGAGGAGTACGTGCGCTACGACAGCGACGTGGGGGAGTACCGGGCGGTGACGGAGCTGGGGCGGCCTGTCGCCGAGAACTGGAACAGCCAGAAGGACCTCCTGGAGCAGAGGCGGGCCGAGGTGGACAACTACTGCAGACACAACTACGGGGTTGGTGAGAGCTTCACAGTGCAGCGGCGAG,LEYCKFECHFFNGTELVLYLIRYFHNQEEYVRYDSDVGEYRAVTELGRPVAENWNSQKDLLEQRRAEVDNYCRHNYGVGESFTVQRR,1,10884,Paan-DRB*W001:01,8,drb
GCCTCGAGTGTCCCCCCAGCACGTTTCTTAGAGTACTGTAAGTTTGAGTGTCATTTCTTCAATGGGACGGAGCTGGTGCTGTACCTGATCAGATACTTCCATAACCAAGAGGAGTACGTGCGCTACGACAGCGACGTGGGGGAGTACCGGGCGGTGACGGAGCTGGGGCGGCCTGTCGCCGAGAACTGGAACAGCCAGAAGGACCTCCTGGAGCAGAGGCGGGCCGAGGTGGACAACTACTGCAGACACAACTACGGGGTTGGTGAGAGCTTCACAGTGCAGCGGCGAGGTGAAAGCTTGC,ASSVPPARFLEYCKFECHFFNGTELVLYLIRYFHNQEEYVRYDSDVGEYRAVTELGRPVAENWNSQKDLLEQRRAEVDNYCRHNYGVGESFTVQRRGESL,4,TTAGAGTACTGTAAGTTTGAGTGTCATTTCTTCAATGGGACGGAGCTGGTGCTGTACCTGATCAGATACTTCCATAACCAAGAGGAGTACGTGCGCTACGACAGCGACGTGGGGGAGTACCGGGCGGTGACGGAGCTGGGGCGGCCTGTCGCCGAGAACTGGAACAGCCAGAAGGACCTCCTGGAGCAGAGGCGGGCCGAGGTGGACAACTACTGCAGACACAACTACGGGGTTGGTGAGAGCTTCACAGTGCAGCGGCGAG,LEYCKFECHFFNGTELVLYLIRYFHNQEEYVRYDSDVGEYRAVTELGRPVAENWNSQKDLLEQRRAEVDNYCRHNYGVGESFTVQRR,5,9866,Paan-DRB*W001:01,12,drb
GCCTCGAGTGTCCCCCCAGCACGTTTCTTAGAGTACTGTAAGTTTGAGTGTCATTTCTTCAATGGGACGGAGCTGGTGCTGTACCTGATCAGATACTTCCATAACCAAGAGGAGTACGTGCGCTACGACAGCGACGTGGGGGAGTACCGGGCGGTGACGGAGCTGGGGCGGCCTGTCGCCGAGAACTGGAACAGCCAGAAGGACCTCCTGGAGCAGAGGCGGGCCGAGGTGGACAACTACTGCAGACACAACTACGGGGTTGGTGAGAGCTTCACAGTGCAGCGGCGAGGTGAAAGCTTGC,ASSVPPARFLEYCKFECHFFNGTELVLYLIRYFHNQEEYVRYDSDVGEYRAVTELGRPVAENWNSQKDLLEQRRAEVDNYCRHNYGVGESFTVQRRGESL,4,TTAGAGTACTGTAAGTTTGAGTGTCATTTCTTCAATGGGACGGAGCTGGTGCTGTACCTGATCAGATACTTCCATAACCAAGAGGAGTACGTGCGCTACGACAGCGACGTGGGGGAGTACCGGGCGGTGACGGAGCTGGGGCGGCCTGTCGCCGAGAACTGGAACAGCCAGAAGGACCTCCTGGAGCAGAGGCGGGCCGAGGTGGACAACTACTGCAGACACAACTACGGGGTTGGTGAGAGCTTCACAGTGCAGCGGCGAG,LEYCKFECHFFNGTELVLYLIRYFHNQEEYVRYDSDVGEYRAVTELGRPVAENWNSQKDLLEQRRAEVDNYCRHNYGVGESFTVQRR,4,8305,Paan-DRB*W001:01,16,drb
GCCTCGAGTGTCCCCCCAGCACGTTTCTTAGAGTACTGTAAGTTTGAGTGTCATTTCTTCAATGGGACGGAGCTGGTGCTGTACCTGATCAGATACTTCCATAACCAAGAGGAGTACGTGCGCTACGACAGCGACGTGGGGGAGTACCGGGCGGTGACGGAGCTGGGGCGGCCTGTCGCCGAGAACTGGAACAGCCAGAAGGACCTCCTGGAGCAGAGGCGGGCCGAGGTGGACAACTACTGCAGACACAACTACGGGGTTGGTGAGAGCTTCACAGTGCAGCGGCGAGGTGAAAGCTTGC,ASSVPPARFLEYCKFECHFFNGTELVLYLIRYFHNQEEYVRYDSDVGEYRAVTELGRPVAENWNSQKDLLEQRRAEVDNYCRHNYGVGESFTVQRRGESL,4,TTAGAGTACTGTAAGTTTGAGTGTCATTTCTTCAATGGGACGGAGCTGGTGCTGTACCTGATCAGATACTTCCATAACCAAGAGGAGTACGTGCGCTACGACAGCGACGTGGGGGAGTACCGGGCGGTGACGGAGCTGGGGCGGCCTGTCGCCGAGAACTGGAACAGCCAGAAGGACCTCCTGGAGCAGAGGCGGGCCGAGGTGGACAACTACTGCAGACACAACTACGGGGTTGGTGAGAGCTTCACAGTGCAGCGGCGAG,LEYCKFECHFFNGTELVLYLIRYFHNQEEYVRYDSDVGEYRAVTELGRPVAENWNSQKDLLEQRRAEVDNYCRHNYGVGESFTVQRR,4,13471,Paan-DRB*W001:01,18,drb
GCCTCGAGTGTCCCCCCAGCACGTTTCTTAGAGTACTGTAAGTTTGAGTGTCATTTCTTCAACGGGACGGAGCGGGTGCTGAACCTGATCAGATACTTCTATAACCAAGAGGAGTACGTGCGCTACGACAGCGACGTCGGGGAGTACCGGGCGGTGACGGAGCTGGGGCGGCCTGACGCCGAGTACTGGAACAGCCAGAAGGACCTCCTGGAGCAGAGGCGGGCCGAGGTGGACACCTACTGCAGACACAACTACGGGGTTGGTGAGAGCTTCACAGTGCAGCGGCGAGGTGAAAGCTTGC,ASSVPPARFLEYCKFECHFFNGTERVLNLIRYFYNQEEYVRYDSDVGEYRAVTELGRPDAEYWNSQKDLLEQRRAEVDTYCRHNYGVGESFTVQRRGESL,5,TTAGAGTACTGTAAGTTTGAGTGTCATTTCTTCAACGGGACGGAGCGGGTGCTGAACCTGATCAGATACTTCTATAACCAAGAGGAGTACGTGCGCTACGACAGCGACGTCGGGGAGTACCGGGCGGTGACGGAGCTGGGGCGGCCTGACGCCGAGTACTGGAACAGCCAGAAGGACCTCCTGGAGCAGAGGCGGGCCGAGGTGGACACCTACTGCAGACACAACTACGGGGTTGGTGAGAGCTTCACAGTGCAGCGGCGAG,LEYCKFECHFFNGTERVLNLIRYFYNQEEYVRYDSDVGEYRAVTELGRPDAEYWNSQKDLLEQRRAEVDTYCRHNYGVGESFTVQRR,5,10980,Paan-DRB*W001:02,1,drb
GCCTCGAGTGTCCCCCCAGCACGTTTCTTAGAGTACTGTAAGTTTGAGTGTCATTTCTTCAACGGGACGGAGCGGGTGCTGAACCTGATCAGATACTTCTATAACCAAGAGGAGTACGTGCGCTACGACAGCGACGTCGGGGAGTACCGGGCGGTGACGGAGCTGGGGCGGCCTGACGCCGAGTACTGGAACAGCCAGAAGGACCTCCTGGAGCAGAGGCGGGCCGAGGTGGACACCTACTGCAGACACAACTACGGGGTTGGTGAGAGCTTCACAGTGCAGCGGCGAGGTGAAAGCTTGC,ASSVPPARFLEYCKFECHFFNGTERVLNLIRYFYNQEEYVRYDSDVGEYRAVTELGRPDAEYWNSQKDLLEQRRAEVDTYCRHNYGVGESFTVQRRGESL,5,TTAGAGTACTGTAAGTTTGAGTGTCATTTCTTCAACGGGACGGAGCGGGTGCTGAACCTGATCAGATACTTCTATAACCAAGAGGAGTACGTGCGCTACGACAGCGACGTCGGGGAGTACCGGGCGGTGACGGAGCTGGGGCGGCCTGACGCCGAGTACTGGAACAGCCAGAAGGACCTCCTGGAGCAGAGGCGGGCCGAGGTGGACACCTACTGCAGACACAACTACGGGGTTGGTGAGAGCTTCACAGTGCAGCGGCGAG,LEYCKFECHFFNGTERVLNLIRYFYNQEEYVRYDSDVGEYRAVTELGRPDAEYWNSQKDLLEQRRAEVDTYCRHNYGVGESFTVQRR,5,12942,Paan-DRB*W001:02,2,drb
GCCTCGAGTGTCCCCCCAGCACGTTTCTTAGAGTACTGTAAGTTTGAGTGTCATTTCTTCAACGGGACGGAGCGGGTGCTGAACCTGATCAGATACTTCTATAACCAAGAGGAGTACGTGCGCTACGACAGCGACGTCGGGGAGTACCGGGCGGTGACGGAGCTGGGGCGGCCTGACGCCGAGTACTGGAACAGCCAGAAGGACCTCCTGGAGCAGAGGCGGGCCGAGGTGGACACCTACTGCAGACACAACTACGGGGTTGGTGAGAGCTTCACAGTGCAGCGGCGAGGTGAAAGCTTGC,ASSVPPARFLEYCKFECHFFNGTERVLNLIRYFYNQEEYVRYDSDVGEYRAVTELGRPDAEYWNSQKDLLEQRRAEVDTYCRHNYGVGESFTVQRRGESL,5,TTAGAGTACTGTAAGTTTGAGTGTCATTTCTTCAACGGGACGGAGCGGGTGCTGAACCTGATCAGATACTTCTATAACCAAGAGGAGTACGTGCGCTACGACAGCGACGTCGGGGAGTACCGGGCGGTGACGGAGCTGGGGCGGCCTGACGCCGAGTACTGGAACAGCCAGAAGGACCTCCTGGAGCAGAGGCGGGCCGAGGTGGACACCTACTGCAGACACAACTACGGGGTTGGTGAGAGCTTCACAGTGCAGCGGCGAG,LEYCKFECHFFNGTERVLNLIRYFYNQEEYVRYDSDVGEYRAVTELGRPDAEYWNSQKDLLEQRRAEVDTYCRHNYGVGESFTVQRR,2,26873,Paan-DRB*W001:02,3,drb
GCCTCGAGTGTCCCCCCAGCACGTTTCTTAGAGTACTGTAAGTTTGAGTGTCATTTCTTCAACGGGACGGAGCGGGTGCTGAACCTGATCAGATACTTCTATAACCAAGAGGAGTACGTGCGCTACGACAGCGACGTCGGGGAGTACCGGGCGGTGACGGAGCTGGGGCGGCCTGACGCCGAGTACTGGAACAGCCAGAAGGACCTCCTGGAGCAGAGGCGGGCCGAGGTGGACACCTACTGCAGACACAACTACGGGGTTGGTGAGAGCTTCACAGTGCAGCGGCGAGGTGAAAGCTTGC,ASSVPPARFLEYCKFECHFFNGTERVLNLIRYFYNQEEYVRYDSDVGEYRAVTELGRPDAEYWNSQKDLLEQRRAEVDTYCRHNYGVGESFTVQRRGESL,5,TTAGAGTACTGTAAGTTTGAGTGTCATTTCTTCAACGGGACGGAGCGGGTGCTGAACCTGATCAGATACTTCTATAACCAAGAGGAGTACGTGCGCTACGACAGCGACGTCGGGGAGTACCGGGCGGTGACGGAGCTGGGGCGGCCTGACGCCGAGTACTGGAACAGCCAGAAGGACCTCCTGGAGCAGAGGCGGGCCGAGGTGGACACCTACTGCAGACACAACTACGGGGTTGGTGAGAGCTTCACAGTGCAGCGGCGAG,LEYCKFECHFFNGTERVLNLIRYFYNQEEYVRYDSDVGEYRAVTELGRPDAEYWNSQKDLLEQRRAEVDTYCRHNYGVGESFTVQRR,3,12186,Paan-DRB*W001:02,11,drb
GCCTCGAGTGTCCCCCCAGCACGTTTCTTAGAGTACTGTAAGTTTGAGTGTCATTTCTTCAACGGGACGGAGCGGGTGCTGAACCTGATCAGATACTTCTATAACCAAGAGGAGTACGTGCGCTACGACAGCGACGTCGGGGAGTACCGGGCGGTGACGGAGCTGGGGCGGCCTGACGCCGAGTACTGGAACAGCCAGAAGGACCTCCTGGAGCAGAGGCGGGCCGAGGTGGACACCTACTGCAGACACAACTACGGGGTTGGTGAGAGCTTCACAGTGCAGCGGCGAGGTGAAAGCTTGC,ASSVPPARFLEYCKFECHFFNGTERVLNLIRYFYNQEEYVRYDSDVGEYRAVTELGRPDAEYWNSQKDLLEQRRAEVDTYCRHNYGVGESFTVQRRGESL,5,TTAGAGTACTGTAAGTTTGAGTGTCATTTCTTCAACGGGACGGAGCGGGTGCTGAACCTGATCAGATACTTCTATAACCAAGAGGAGTACGTGCGCTACGACAGCGACGTCGGGGAGTACCGGGCGGTGACGGAGCTGGGGCGGCCTGACGCCGAGTACTGGAACAGCCAGAAGGACCTCCTGGAGCAGAGGCGGGCCGAGGTGGACACCTACTGCAGACACAACTACGGGGTTGGTGAGAGCTTCACAGTGCAGCGGCGAG,LEYCKFECHFFNGTERVLNLIRYFYNQEEYVRYDSDVGEYRAVTELGRPDAEYWNSQKDLLEQRRAEVDTYCRHNYGVGESFTVQRR,2,18066,Paan-DRB*W001:02,15,drb
GCCTCGAGTGTCCCCCCAGCACGTTTCTTAGAGTACTGTAAGTTTGAGTGTCATTTCTTCAACGGGACGGAGCGGGTGCTGAACCTGATCAGATACTTCTATAACCAAGAGGAGTACGTGCGCTACGACAGCGACGTCGGGGAGTACCGGGCGGTGACGGAGCTGGGGCGGCCTGACGCCGAGTACTGGAACAGCCAGAAGGACCTCCTGGAGCAGAGGCGGGCCGAGGTGGACACCTACTGCAGACACAACTACGGGGTTGGTGAGAGCTTCACAGTGCAGCGGCGAGGTGAAAGCTTGC,ASSVPPARFLEYCKFECHFFNGTERVLNLIRYFYNQEEYVRYDSDVGEYRAVTELGRPDAEYWNSQKDLLEQRRAEVDTYCRHNYGVGESFTVQRRGESL,5,TTAGAGTACTGTAAGTTTGAGTGTCATTTCTTCAACGGGACGGAGCGGGTGCTGAACCTGATCAGATACTTCTATAACCAAGAGGAGTACGTGCGCTACGACAGCGACGTCGGGGAGTACCGGGCGGTGACGGAGCTGGGGCGGCCTGACGCCGAGTACTGGAACAGCCAGAAGGACCTCCTGGAGCAGAGGCGGGCCGAGGTGGACACCTACTGCAGACACAACTACGGGGTTGGTGAGAGCTTCACAGTGCAGCGGCGAG,LEYCKFECHFFNGTERVLNLIRYFYNQEEYVRYDSDVGEYRAVTELGRPDAEYWNSQKDLLEQRRAEVDTYCRHNYGVGESFTVQRR,5,9357,Paan-DRB*W001:02,20,drb
GCCTCGAGTGTCCCCCCAGCACGTTTCTTGTGGCAGTTTAAGCCTGAGTGTCATTTCTTCAACGGGACGGAGCGGGTGCGGTTCCTGGACAGATACTTCTATAACCAGGAGGAGCTCCTGCGCTTCGACAGCGACGTGGGGGAGTACCGGGCGGTGTCGGAGCTGGGGCGGCCTCAAGCCGAGTCCTGGAACAGCCAGAAGGACTTCCTGGAAGACAGGCGGGCCCAGGTGGACACCGTGTGCAGACACAACTACCGGGTTGTGGAGAGCTTCACAGTGCAGCGGCGAGGTGAAAGCTTGC,ASSVPPARFLWQFKPECHFFNGTERVRFLDRYFYNQEELLRFDSDVGEYRAVSELGRPQAESWNSQKDFLEDRRAQVDTVCRHNYRVVESFTVQRRGESL,6,TTGTGGCAGTTTAAGCCTGAGTGTCATTTCTTCAACGGGACGGAGCGGGTGCGGTTCCTGGACAGATACTTCTATAACCAGGAGGAGCTCCTGCGCTTCGACAGCGACGTGGGGGAGTACCGGGCGGTGTCGGAGCTGGGGCGGCCTCAAGCCGAGTCCTGGAACAGCCAGAAGGACTTCCTGGAAGACAGGCGGGCCCAGGTGGACACCGTGTGCAGACACAACTACCGGGTTGTGGAGAGCTTCACAGTGCAGCGGCGAG,LWQFKPECHFFNGTERVRFLDRYFYNQEELLRFDSDVGEYRAVSELGRPQAESWNSQKDFLEDRRAQVDTVCRHNYRVVESFTVQRR,6,8715,Paan-DRB*W081:02,1,drb
GCCTCGAGTGTCCCCCCAGCACGTTTCTTGTGGCAGTTTAAGCCTGAGTGTCATTTCTTCAACGGGACGGAGCGGGTGCGGTTCCTGGACAGATACTTCTATAACCAGGAGGAGCTCCTGCGCTTCGACAGCGACGTGGGGGAGTACCGGGCGGTGTCGGAGCTGGGGCGGCCTCAAGCCGAGTCCTGGAACAGCCAGAAGGACTTCCTGGAAGACAGGCGGGCCCAGGTGGACACCGTGTGCAGACACAACTACCGGGTTGTGGAGAGCTTCACAGTGCAGCGGCGAGGTGAAAGCTTGC,ASSVPPARFLWQFKPECHFFNGTERVRFLDRYFYNQEELLRFDSDVGEYRAVSELGRPQAESWNSQKDFLEDRRAQVDTVCRHNYRVVESFTVQRRGESL,6,TTGTGGCAGTTTAAGCCTGAGTGTCATTTCTTCAACGGGACGGAGCGGGTGCGGTTCCTGGACAGATACTTCTATAACCAGGAGGAGCTCCTGCGCTTCGACAGCGACGTGGGGGAGTACCGGGCGGTGTCGGAGCTGGGGCGGCCTCAAGCCGAGTCCTGGAACAGCCAGAAGGACTTCCTGGAAGACAGGCGGGCCCAGGTGGACACCGTGTGCAGACACAACTACCGGGTTGTGGAGAGCTTCACAGTGCAGCGGCGAG,LWQFKPECHFFNGTERVRFLDRYFYNQEELLRFDSDVGEYRAVSELGRPQAESWNSQKDFLEDRRAQVDTVCRHNYRVVESFTVQRR,6,9467,Paan-DRB*W081:02,2,drb
GCCTCGAGTGTCCCCCCAGCACGTTTCTTGTGGCAGTTTAAGCCTGAGTGTCATTTCTTCAACGGGACGGAGCGGGTGCGGTTCCTGGACAGATACTTCTATAACCAGGAGGAGCTCCTGCGCTTCGACAGCGACGTGGGGGAGTACCGGGCGGTGTCGGAGCTGGGGCGGCCTCAAGCCGAGTCCTGGAACAGCCAGAAGGACTTCCTGGAAGACAGGCGGGCCCAGGTGGACACCGTGTGCAGACACAACTACCGGGTTGTGGAGAGCTTCACAGTGCAGCGGCGAGGTGAAAGCTTGC,ASSVPPARFLWQFKPECHFFNGTERVRFLDRYFYNQEELLRFDSDVGEYRAVSELGRPQAESWNSQKDFLEDRRAQVDTVCRHNYRVVESFTVQRRGESL,6,TTGTGGCAGTTTAAGCCTGAGTGTCATTTCTTCAACGGGACGGAGCGGGTGCGGTTCCTGGACAGATACTTCTATAACCAGGAGGAGCTCCTGCGCTTCGACAGCGACGTGGGGGAGTACCGGGCGGTGTCGGAGCTGGGGCGGCCTCAAGCCGAGTCCTGGAACAGCCAGAAGGACTTCCTGGAAGACAGGCGGGCCCAGGTGGACACCGTGTGCAGACACAACTACCGGGTTGTGGAGAGCTTCACAGTGCAGCGGCGAG,LWQFKPECHFFNGTERVRFLDRYFYNQEELLRFDSDVGEYRAVSELGRPQAESWNSQKDFLEDRRAQVDTVCRHNYRVVESFTVQRR,3,17727,Paan-DRB*W081:02,3,drb
GCCTCGAGTGTCCCCCCAGCACGTTTCTTGTGGCAGTTTAAGCCTGAGTGTCATTTCTTCAACGGGACGGAGCGGGTGCGGTTCCTGGACAGATACTTCTATAACCAGGAGGAGCTCCTGCGCTTCGACAGCGACGTGGGGGAGTACCGGGCGGTGTCGGAGCTGGGGCGGCCTCAAGCCGAGTCCTGGAACAGCCAGAAGGACTTCCTGGAAGACAGGCGGGCCCAGGTGGACACCGTGTGCAGACACAACTACCGGGTTGTGGAGAGCTTCACAGTGCAGCGGCGAGGTGAAAGCTTGC,ASSVPPARFLWQFKPECHFFNGTERVRFLDRYFYNQEELLRFDSDVGEYRAVSELGRPQAESWNSQKDFLEDRRAQVDTVCRHNYRVVESFTVQRRGESL,6,TTGTGGCAGTTTAAGCCTGAGTGTCATTTCTTCAACGGGACGGAGCGGGTGCGGTTCCTGGACAGATACTTCTATAACCAGGAGGAGCTCCTGCGCTTCGACAGCGACGTGGGGGAGTACCGGGCGGTGTCGGAGCTGGGGCGGCCTCAAGCCGAGTCCTGGAACAGCCAGAAGGACTTCCTGGAAGACAGGCGGGCCCAGGTGGACACCGTGTGCAGACACAACTACCGGGTTGTGGAGAGCTTCACAGTGCAGCGGCGAG,LWQFKPECHFFNGTERVRFLDRYFYNQEELLRFDSDVGEYRAVSELGRPQAESWNSQKDFLEDRRAQVDTVCRHNYRVVESFTVQRR,4,10150,Paan-DRB*W081:02,11,drb
GCCTCGAGTGTCCCCCCAGCACGTTTCTTGTGGCAGTTTAAGCCTGAGTGTCATTTCTTCAACGGGACGGAGCGGGTGCGGTTCCTGGACAGATACTTCTATAACCAGGAGGAGCTCCTGCGCTTCGACAGCGACGTGGGGGAGTACCGGGCGGTGTCGGAGCTGGGGCGGCCTCAAGCCGAGTCCTGGAACAGCCAGAAGGACTTCCTGGAAGACAGGCGGGCCCAGGTGGACACCGTGTGCAGACACAACTACCGGGTTGTGGAGAGCTTCACAGTGCAGCGGCGAGGTGAAAGCTTGC,ASSVPPARFLWQFKPECHFFNGTERVRFLDRYFYNQEELLRFDSDVGEYRAVSELGRPQAESWNSQKDFLEDRRAQVDTVCRHNYRVVESFTVQRRGESL,6,TTGTGGCAGTTTAAGCCTGAGTGTCATTTCTTCAACGGGACGGAGCGGGTGCGGTTCCTGGACAGATACTTCTATAACCAGGAGGAGCTCCTGCGCTTCGACAGCGACGTGGGGGAGTACCGGGCGGTGTCGGAGCTGGGGCGGCCTCAAGCCGAGTCCTGGAACAGCCAGAAGGACTTCCTGGAAGACAGGCGGGCCCAGGTGGACACCGTGTGCAGACACAACTACCGGGTTGTGGAGAGCTTCACAGTGCAGCGGCGAG,LWQFKPECHFFNGTERVRFLDRYFYNQEELLRFDSDVGEYRAVSELGRPQAESWNSQKDFLEDRRAQVDTVCRHNYRVVESFTVQRR,3,13548,Paan-DRB*W081:02,15,drb
GCCTCGAGTGTCCCCCCAGCACGTTTCTTGTGGCAGTTTAAGCCTGAGTGTCATTTCTTCAACGGGACGGAGCGGGTGCGGTTCCTGGACAGATACTTCTATAACCAGGAGGAGCTCCTGCGCTTCGACAGCGACGTGGGGGAGTACCGGGCGGTGTCGGAGCTGGGGCGGCCTCAAGCCGAGTCCTGGAACAGCCAGAAGGACTTCCTGGAAGACAGGCGGGCCCAGGTGGACACCGTGTGCAGACACAACTACCGGGTTGTGGAGAGCTTCACAGTGCAGCGGCGAGGTGAAAGCTTGC,ASSVPPARFLWQFKPECHFFNGTERVRFLDRYFYNQEELLRFDSDVGEYRAVSELGRPQAESWNSQKDFLEDRRAQVDTVCRHNYRVVESFTVQRRGESL,6,TTGTGGCAGTTTAAGCCTGAGTGTCATTTCTTCAACGGGACGGAGCGGGTGCGGTTCCTGGACAGATACTTCTATAACCAGGAGGAGCTCCTGCGCTTCGACAGCGACGTGGGGGAGTACCGGGCGGTGTCGGAGCTGGGGCGGCCTCAAGCCGAGTCCTGGAACAGCCAGAAGGACTTCCTGGAAGACAGGCGGGCCCAGGTGGACACCGTGTGCAGACACAACTACCGGGTTGTGGAGAGCTTCACAGTGCAGCGGCGAG,LWQFKPECHFFNGTERVRFLDRYFYNQEELLRFDSDVGEYRAVSELGRPQAESWNSQKDFLEDRRAQVDTVCRHNYRVVESFTVQRR,6,8183,Paan-DRB*W081:02,20,drb
GCCTCGAGTGTCCCCCCAGCACGTTTCTTGGAGCAGGCTAAGTCTGAGTGTCATTTCTTCAATGGGACGGAGCGGGTGCGGTACCTGGACAGATACATCCATAACCAGGAGGAGTTCGTGCGCTTCGACAGCGACGTGGGGGAGCACCGGGCGGTGACGGAGCTGGGGCGGCCTGACGCCGAGTACTGGAACAGTCGGAAGGACATCCTGGAAGACCAGCGGGCCGCGGTGGACACCTTCTGCAGATACAACTACCGGGTTTTTGAGAGCTTCACAGTGCAGCGGCGAGGTGAAAGCTTGC,ASSVPPARFLEQAKSECHFFNGTERVRYLDRYIHNQEEFVRFDSDVGEHRAVTELGRPDAEYWNSRKDILEDQRAAVDTFCRYNYRVFESFTVQRRGESL,7,TTGGAGCAGGCTAAGTCTGAGTGTCATTTCTTCAATGGGACGGAGCGGGTGCGGTACCTGGACAGATACATCCATAACCAGGAGGAGTTCGTGCGCTTCGACAGCGACGTGGGGGAGCACCGGGCGGTGACGGAGCTGGGGCGGCCTGACGCCGAGTACTGGAACAGTCGGAAGGACATCCTGGAAGACCAGCGGGCCGCGGTGGACACCTTCTGCAGATACAACTACCGGGTTTTTGAGAGCTTCACAGTGCAGCGGCGAG,LEQAKSECHFFNGTERVRYLDRYIHNQEEFVRFDSDVGEHRAVTELGRPDAEYWNSRKDILEDQRAAVDTFCRYNYRVFESFTVQRR,2,17208,Paan-DRB*W027:01,2,drb
GCCTCGAGTGTCCCCCCAGCACGTTTCTTGGAGCAGGCTAAGTCTGAGTGTCATTTCTTCAATGGGACGGAGCGGGTGCGGTACCTGGACAGATACATCCATAACCAGGAGGAGTTCGTGCGCTTCGACAGCGACGTGGGGGAGCACCGGGCGGTGACGGAGCTGGGGCGGCCTGACGCCGAGTACTGGAACAGTCGGAAGGACATCCTGGAAGACCAGCGGGCCGCGGTGGACACCTTCTGCAGATACAACTACCGGGTTTTTGAGAGCTTCACAGTGCAGCGGCGAGGTGAAAGCTTGC,ASSVPPARFLEQAKSECHFFNGTERVRYLDRYIHNQEEFVRFDSDVGEHRAVTELGRPDAEYWNSRKDILEDQRAAVDTFCRYNYRVFESFTVQRRGESL,7,TTGGAGCAGGCTAAGTCTGAGTGTCATTTCTTCAATGGGACGGAGCGGGTGCGGTACCTGGACAGATACATCCATAACCAGGAGGAGTTCGTGCGCTTCGACAGCGACGTGGGGGAGCACCGGGCGGTGACGGAGCTGGGGCGGCCTGACGCCGAGTACTGGAACAGTCGGAAGGACATCCTGGAAGACCAGCGGGCCGCGGTGGACACCTTCTGCAGATACAACTACCGGGTTTTTGAGAGCTTCACAGTGCAGCGGCGAG,LEQAKSECHFFNGTERVRYLDRYIHNQEEFVRFDSDVGEHRAVTELGRPDAEYWNSRKDILEDQRAAVDTFCRYNYRVFESFTVQRR,1,30164,Paan-DRB*W027:01,6,drb
GCCTCGAGTGTCCCCCCAGCACGTTTCTTGGAGCAGGCTAAGTCTGAGTGTCATTTCTTCAATGGGACGGAGCGGGTGCGGTACCTGGACAGATACATCCATAACCAGGAGGAGTTCGTGCGCTTCGACAGCGACGTGGGGGAGCACCGGGCGGTGACGGAGCTGGGGCGGCCTGACGCCGAGTACTGGAACAGTCGGAAGGACATCCTGGAAGACCAGCGGGCCGCGGTGGACACCTTCTGCAGATACAACTACCGGGTTTTTGAGAGCTTCACAGTGCAGCGGCGAGGTGAAAGCTTGC,ASSVPPARFLEQAKSECHFFNGTERVRYLDRYIHNQEEFVRFDSDVGEHRAVTELGRPDAEYWNSRKDILEDQRAAVDTFCRYNYRVFESFTVQRRGESL,7,TTGGAGCAGGCTAAGTCTGAGTGTCATTTCTTCAATGGGACGGAGCGGGTGCGGTACCTGGACAGATACATCCATAACCAGGAGGAGTTCGTGCGCTTCGACAGCGACGTGGGGGAGCACCGGGCGGTGACGGAGCTGGGGCGGCCTGACGCCGAGTACTGGAACAGTCGGAAGGACATCCTGGAAGACCAGCGGGCCGCGGTGGACACCTTCTGCAGATACAACTACCGGGTTTTTGAGAGCTTCACAGTGCAGCGGCGAG,LEQAKSECHFFNGTERVRYLDRYIHNQEEFVRFDSDVGEHRAVTELGRPDAEYWNSRKDILEDQRAAVDTFCRYNYRVFESFTVQRR,3,9990,Paan-DRB*W027:01,8,drb
GCCTCGAGTGTCCCCCCAGCACGTTTCTTGGAGCAGGCTAAGTCTGAGTGTCATTTCTTCAATGGGACGGAGCGGGTGCGGTACCTGGACAGATACATCCATAACCAGGAGGAGTTCGTGCGCTTCGACAGCGACGTGGGGGAGCACCGGGCGGTGACGGAGCTGGGGCGGCCTGACGCCGAGTACTGGAACAGTCGGAAGGACATCCTGGAAGACCAGCGGGCCGCGGTGGACACCTTCTGCAGATACAACTACCGGGTTTTTGAGAGCTTCACAGTGCAGCGGCGAGGTGAAAGCTTGC,ASSVPPARFLEQAKSECHFFNGTERVRYLDRYIHNQEEFVRFDSDVGEHRAVTELGRPDAEYWNSRKDILEDQRAAVDTFCRYNYRVFESFTVQRRGESL,7,TTGGAGCAGGCTAAGTCTGAGTGTCATTTCTTCAATGGGACGGAGCGGGTGCGGTACCTGGACAGATACATCCATAACCAGGAGGAGTTCGTGCGCTTCGACAGCGACGTGGGGGAGCACCGGGCGGTGACGGAGCTGGGGCGGCCTGACGCCGAGTACTGGAACAGTCGGAAGGACATCCTGGAAGACCAGCGGGCCGCGGTGGACACCTTCTGCAGATACAACTACCGGGTTTTTGAGAGCTTCACAGTGCAGCGGCGAG,LEQAKSECHFFNGTERVRYLDRYIHNQEEFVRFDSDVGEHRAVTELGRPDAEYWNSRKDILEDQRAAVDTFCRYNYRVFESFTVQRR,2,24375,Paan-DRB*W027:01,9,drb
GCCTCGAGTGTCCCCCCAGCACGTTTCTTGGAGCAGGCTAAGTCTGAGTGTCATTTCTTCAATGGGACGGAGCGGGTGCGGTACCTGGACAGATACATCCATAACCAGGAGGAGTTCGTGCGCTTCGACAGCGACGTGGGGGAGCACCGGGCGGTGACGGAGCTGGGGCGGCCTGACGCCGAGTACTGGAACAGTCGGAAGGACATCCTGGAAGACCAGCGGGCCGCGGTGGACACCTTCTGCAGATACAACTACCGGGTTTTTGAGAGCTTCACAGTGCAGCGGCGAGGTGAAAGCTTGC,ASSVPPARFLEQAKSECHFFNGTERVRYLDRYIHNQEEFVRFDSDVGEHRAVTELGRPDAEYWNSRKDILEDQRAAVDTFCRYNYRVFESFTVQRRGESL,7,TTGGAGCAGGCTAAGTCTGAGTGTCATTTCTTCAATGGGACGGAGCGGGTGCGGTACCTGGACAGATACATCCATAACCAGGAGGAGTTCGTGCGCTTCGACAGCGACGTGGGGGAGCACCGGGCGGTGACGGAGCTGGGGCGGCCTGACGCCGAGTACTGGAACAGTCGGAAGGACATCCTGGAAGACCAGCGGGCCGCGGTGGACACCTTCTGCAGATACAACTACCGGGTTTTTGAGAGCTTCACAGTGCAGCGGCGAG,LEQAKSECHFFNGTERVRYLDRYIHNQEEFVRFDSDVGEHRAVTELGRPDAEYWNSRKDILEDQRAAVDTFCRYNYRVFESFTVQRR,1,11643,Paan-DRB*W027:01,12,drb
GCCTCGAGTGTCCCCCCAGCACGTTTCTTGGAGCAGGCTAAGTCTGAGTGTCATTTCTTCAATGGGACGGAGCGGGTGCGGTACCTGGACAGATACATCCATAACCAGGAGGAGTTCGTGCGCTTCGACAGCGACGTGGGGGAGCACCGGGCGGTGACGGAGCTGGGGCGGCCTGACGCCGAGTACTGGAACAGTCGGAAGGACATCCTGGAAGACCAGCGGGCCGCGGTGGACACCTTCTGCAGATACAACTACCGGGTTTTTGAGAGCTTCACAGTGCAGCGGCGAGGTGAAAGCTTGC,ASSVPPARFLEQAKSECHFFNGTERVRYLDRYIHNQEEFVRFDSDVGEHRAVTELGRPDAEYWNSRKDILEDQRAAVDTFCRYNYRVFESFTVQRRGESL,7,TTGGAGCAGGCTAAGTCTGAGTGTCATTTCTTCAATGGGACGGAGCGGGTGCGGTACCTGGACAGATACATCCATAACCAGGAGGAGTTCGTGCGCTTCGACAGCGACGTGGGGGAGCACCGGGCGGTGACGGAGCTGGGGCGGCCTGACGCCGAGTACTGGAACAGTCGGAAGGACATCCTGGAAGACCAGCGGGCCGCGGTGGACACCTTCTGCAGATACAACTACCGGGTTTTTGAGAGCTTCACAGTGCAGCGGCGAG,LEQAKSECHFFNGTERVRYLDRYIHNQEEFVRFDSDVGEHRAVTELGRPDAEYWNSRKDILEDQRAAVDTFCRYNYRVFESFTVQRR,1,13310,Paan-DRB*W027:01,14,drb
GCCTCGAGTGTCCCCCCAGCACGTTTCTTGGAGCAGGCTAAGTCTGAGTGTCATTTCTTCAATGGGACGGAGCGGGTGCGGTACCTGGACAGATACATCCATAACCAGGAGGAGTTCGTGCGCTTCGACAGCGACGTGGGGGAGCACCGGGCGGTGACGGAGCTGGGGCGGCCTGACGCCGAGTACTGGAACAGTCGGAAGGACATCCTGGAAGACCAGCGGGCCGCGGTGGACACCTTCTGCAGATACAACTACCGGGTTTTTGAGAGCTTCACAGTGCAGCGGCGAGGTGAAAGCTTGC,ASSVPPARFLEQAKSECHFFNGTERVRYLDRYIHNQEEFVRFDSDVGEHRAVTELGRPDAEYWNSRKDILEDQRAAVDTFCRYNYRVFESFTVQRRGESL,7,TTGGAGCAGGCTAAGTCTGAGTGTCATTTCTTCAATGGGACGGAGCGGGTGCGGTACCTGGACAGATACATCCATAACCAGGAGGAGTTCGTGCGCTTCGACAGCGACGTGGGGGAGCACCGGGCGGTGACGGAGCTGGGGCGGCCTGACGCCGAGTACTGGAACAGTCGGAAGGACATCCTGGAAGACCAGCGGGCCGCGGTGGACACCTTCTGCAGATACAACTACCGGGTTTTTGAGAGCTTCACAGTGCAGCGGCGAG,LEQAKSECHFFNGTERVRYLDRYIHNQEEFVRFDSDVGEHRAVTELGRPDAEYWNSRKDILEDQRAAVDTFCRYNYRVFESFTVQRR,2,13889,Paan-DRB*W027:01,20,drb
GCCTCGAGTGTCCCCCCAGCACGTTTCTTGGAGCAGGCTAAGTCTGAGTGTCATTTCTTCAATGGGACGGAGCGGGTGCGGTACCTGGACAGATACATCCATAACCAGGAGGAGTTCGTGCGCTTCGACAGCGACGTGGGGGAGCACCGGGCGGTGACGGAGCTGGGGCGGCCTGACGCCGAGTACTGGAACAGTCGGAAGGACATCCTGGAAGACCAGCGGGCCGCGGTGGACACCTTCTGCAGATACAACTACCGGGTTTTTGAGAGCTTCACAGTGCAGCGGCGAGGTGAAAGCTTGC,ASSVPPARFLEQAKSECHFFNGTERVRYLDRYIHNQEEFVRFDSDVGEHRAVTELGRPDAEYWNSRKDILEDQRAAVDTFCRYNYRVFESFTVQRRGESL,7,TTGGAGCAGGCTAAGTCTGAGTGTCATTTCTTCAATGGGACGGAGCGGGTGCGGTACCTGGACAGATACATCCATAACCAGGAGGAGTTCGTGCGCTTCGACAGCGACGTGGGGGAGCACCGGGCGGTGACGGAGCTGGGGCGGCCTGACGCCGAGTACTGGAACAGTCGGAAGGACATCCTGGAAGACCAGCGGGCCGCGGTGGACACCTTCTGCAGATACAACTACCGGGTTTTTGAGAGCTTCACAGTGCAGCGGCGAG,LEQAKSECHFFNGTERVRYLDRYIHNQEEFVRFDSDVGEHRAVTELGRPDAEYWNSRKDILEDQRAAVDTFCRYNYRVFESFTVQRR,2,15458,Paan-DRB*W027:01,21,drb
GCCTCGAGTGTCCCCCCAGCACGTTTCTTGGAGCAGGCTAAGTCTGAGTGTCATTTCTTCAATGGGACGGAGCGGGTGCGGTACCTGGACAGATACATCCATAACCAGGAGGAGTTCGTGCGCTTCGACAGCGACGTGGGGGAGCACCGGGCGGTGACGGAGCTGGGGCGGCCTGACGCCGAGTACTGGAACAGTCGGAAGGACATCCTGGAAGACCAGCGGGCCGCGGTGGACACCTTCTGCAGATACAACTACCGGGTTTTTGAGAGCTTCACAGTGCAGCGGCGAGGTGAAAGCTTGC,ASSVPPARFLEQAKSECHFFNGTERVRYLDRYIHNQEEFVRFDSDVGEHRAVTELGRPDAEYWNSRKDILEDQRAAVDTFCRYNYRVFESFTVQRRGESL,7,TTGGAGCAGGCTAAGTCTGAGTGTCATTTCTTCAATGGGACGGAGCGGGTGCGGTACCTGGACAGATACATCCATAACCAGGAGGAGTTCGTGCGCTTCGACAGCGACGTGGGGGAGCACCGGGCGGTGACGGAGCTGGGGCGGCCTGACGCCGAGTACTGGAACAGTCGGAAGGACATCCTGGAAGACCAGCGGGCCGCGGTGGACACCTTCTGCAGATACAACTACCGGGTTTTTGAGAGCTTCACAGTGCAGCGGCGAG,LEQAKSECHFFNGTERVRYLDRYIHNQEEFVRFDSDVGEHRAVTELGRPDAEYWNSRKDILEDQRAAVDTFCRYNYRVFESFTVQRR,1,22364,Paan-DRB*W027:01,22,drb
GCCTCGAGTGTCCCCCCAGCACGTTTCTTGGAGCAGGCTAAGTCTGAGTGTCACTTCTTCAATGGGACGGAGCGGGTGCGGTTCCTGGACAGATACATCCATAACCAGGAGGAGTTCGCGCGCTTCGACAGCGACGTGGGGGAGTTCCGGGCGGTGACGGAGCTGGGGCGGCCTGACGCCGAGTCCTGGAACAGCCAGAAGGACCTCCTGGAAGGCAGGCGGGCCGCGGTGGACACCTACTGCAGACACAACTACAGGATTGCGGAGAGCTTCACAGTGCAGCGGCGAGGTGAAAGCTTGC,ASSVPPARFLEQAKSECHFFNGTERVRFLDRYIHNQEEFARFDSDVGEFRAVTELGRPDAESWNSQKDLLEGRRAAVDTYCRHNYRIAESFTVQRRGESL,8,TTGGAGCAGGCTAAGTCTGAGTGTCACTTCTTCAATGGGACGGAGCGGGTGCGGTTCCTGGACAGATACATCCATAACCAGGAGGAGTTCGCGCGCTTCGACAGCGACGTGGGGGAGTTCCGGGCGGTGACGGAGCTGGGGCGGCCTGACGCCGAGTCCTGGAACAGCCAGAAGGACCTCCTGGAAGGCAGGCGGGCCGCGGTGGACACCTACTGCAGACACAACTACAGGATTGCGGAGAGCTTCACAGTGCAGCGGCGAG,LEQAKSECHFFNGTERVRFLDRYIHNQEEFARFDSDVGEFRAVTELGRPDAESWNSQKDLLEGRRAAVDTYCRHNYRIAESFTVQRR,3,15950,Paan-DRB*W083:01,2,drb
GCCTCGAGTGTCCCCCCAGCACGTTTCTTGGAGCAGGCTAAGTCTGAGTGTCACTTCTTCAATGGGACGGAGCGGGTGCGGTTCCTGGACAGATACATCCATAACCAGGAGGAGTTCGCGCGCTTCGACAGCGACGTGGGGGAGTTCCGGGCGGTGACGGAGCTGGGGCGGCCTGACGCCGAGTCCTGGAACAGCCAGAAGGACCTCCTGGAAGGCAGGCGGGCCGCGGTGGACACCTACTGCAGACACAACTACAGGATTGCGGAGAGCTTCACAGTGCAGCGGCGAGGTGAAAGCTTGC,ASSVPPARFLEQAKSECHFFNGTERVRFLDRYIHNQEEFARFDSDVGEFRAVTELGRPDAESWNSQKDLLEGRRAAVDTYCRHNYRIAESFTVQRRGESL,8,TTGGAGCAGGCTAAGTCTGAGTGTCACTTCTTCAATGGGACGGAGCGGGTGCGGTTCCTGGACAGATACATCCATAACCAGGAGGAGTTCGCGCGCTTCGACAGCGACGTGGGGGAGTTCCGGGCGGTGACGGAGCTGGGGCGGCCTGACGCCGAGTCCTGGAACAGCCAGAAGGACCTCCTGGAAGGCAGGCGGGCCGCGGTGGACACCTACTGCAGACACAACTACAGGATTGCGGAGAGCTTCACAGTGCAGCGGCGAG,LEQAKSECHFFNGTERVRFLDRYIHNQEEFARFDSDVGEFRAVTELGRPDAESWNSQKDLLEGRRAAVDTYCRHNYRIAESFTVQRR,2,25147,Paan-DRB*W083:01,6,drb
GCCTCGAGTGTCCCCCCAGCACGTTTCTTGGAGCAGGCTAAGTCTGAGTGTCACTTCTTCAATGGGACGGAGCGGGTGCGGTTCCTGGACAGATACATCCATAACCAGGAGGAGTTCGCGCGCTTCGACAGCGACGTGGGGGAGTTCCGGGCGGTGACGGAGCTGGGGCGGCCTGACGCCGAGTCCTGGAACAGCCAGAAGGACCTCCTGGAAGGCAGGCGGGCCGCGGTGGACACCTACTGCAGACACAACTACAGGATTGCGGAGAGCTTCACAGTGCAGCGGCGAGGTGAAAGCTTGC,ASSVPPARFLEQAKSECHFFNGTERVRFLDRYIHNQEEFARFDSDVGEFRAVTELGRPDAESWNSQKDLLEGRRAAVDTYCRHNYRIAESFTVQRRGESL,8,TTGGAGCAGGCTAAGTCTGAGTGTCACTTCTTCAATGGGACGGAGCGGGTGCGGTTCCTGGACAGATACATCCATAACCAGGAGGAGTTCGCGCGCTTCGACAGCGACGTGGGGGAGTTCCGGGCGGTGACGGAGCTGGGGCGGCCTGACGCCGAGTCCTGGAACAGCCAGAAGGACCTCCTGGAAGGCAGGCGGGCCGCGGTGGACACCTACTGCAGACACAACTACAGGATTGCGGAGAGCTTCACAGTGCAGCGGCGAG,LEQAKSECHFFNGTERVRFLDRYIHNQEEFARFDSDVGEFRAVTELGRPDAESWNSQKDLLEGRRAAVDTYCRHNYRIAESFTVQRR,4,9041,Paan-DRB*W083:01,8,drb
GCCTCGAGTGTCCCCCCAGCACGTTTCTTGGAGCAGGCTAAGTCTGAGTGTCACTTCTTCAATGGGACGGAGCGGGTGCGGTTCCTGGACAGATACATCCATAACCAGGAGGAGTTCGCGCGCTTCGACAGCGACGTGGGGGAGTTCCGGGCGGTGACGGAGCTGGGGCGGCCTGACGCCGAGTCCTGGAACAGCCAGAAGGACCTCCTGGAAGGCAGGCGGGCCGCGGTGGACACCTACTGCAGACACAACTACAGGATTGCGGAGAGCTTCACAGTGCAGCGGCGAGGTGAAAGCTTGC,ASSVPPARFLEQAKSECHFFNGTERVRFLDRYIHNQEEFARFDSDVGEFRAVTELGRPDAESWNSQKDLLEGRRAAVDTYCRHNYRIAESFTVQRRGESL,8,TTGGAGCAGGCTAAGTCTGAGTGTCACTTCTTCAATGGGACGGAGCGGGTGCGGTTCCTGGACAGATACATCCATAACCAGGAGGAGTTCGCGCGCTTCGACAGCGACGTGGGGGAGTTCCGGGCGGTGACGGAGCTGGGGCGGCCTGACGCCGAGTCCTGGAACAGCCAGAAGGACCTCCTGGAAGGCAGGCGGGCCGCGGTGGACACCTACTGCAGACACAACTACAGGATTGCGGAGAGCTTCACAGTGCAGCGGCGAG,LEQAKSECHFFNGTERVRFLDRYIHNQEEFARFDSDVGEFRAVTELGRPDAESWNSQKDLLEGRRAAVDTYCRHNYRIAESFTVQRR,1,24689,Paan-DRB*W083:01,9,drb
GCCTCGAGTGTCCCCCCAGCACGTTTCTTGGAGCAGGCTAAGTCTGAGTGTCACTTCTTCAATGGGACGGAGCGGGTGCGGTTCCTGGACAGATACATCCATAACCAGGAGGAGTTCGCGCGCTTCGACAGCGACGTGGGGGAGTTCCGGGCGGTGACGGAGCTGGGGCGGCCTGACGCCGAGTCCTGGAACAGCCAGAAGGACCTCCTGGAAGGCAGGCGGGCCGCGGTGGACACCTACTGCAGACACAACTACAGGATTGCGGAGAGCTTCACAGTGCAGCGGCGAGGTGAAAGCTTGC,ASSVPPARFLEQAKSECHFFNGTERVRFLDRYIHNQEEFARFDSDVGEFRAVTELGRPDAESWNSQKDLLEGRRAAVDTYCRHNYRIAESFTVQRRGESL,8,TTGGAGCAGGCTAAGTCTGAGTGTCACTTCTTCAATGGGACGGAGCGGGTGCGGTTCCTGGACAGATACATCCATAACCAGGAGGAGTTCGCGCGCTTCGACAGCGACGTGGGGGAGTTCCGGGCGGTGACGGAGCTGGGGCGGCCTGACGCCGAGTCCTGGAACAGCCAGAAGGACCTCCTGGAAGGCAGGCGGGCCGCGGTGGACACCTACTGCAGACACAACTACAGGATTGCGGAGAGCTTCACAGTGCAGCGGCGAG,LEQAKSECHFFNGTERVRFLDRYIHNQEEFARFDSDVGEFRAVTELGRPDAESWNSQKDLLEGRRAAVDTYCRHNYRIAESFTVQRR,4,10286,Paan-DRB*W083:01,12,drb
GCCTCGAGTGTCCCCCCAGCACGTTTCTTGGAGCAGGCTAAGTCTGAGTGTCACTTCTTCAATGGGACGGAGCGGGTGCGGTTCCTGGACAGATACATCCATAACCAGGAGGAGTTCGCGCGCTTCGACAGCGACGTGGGGGAGTTCCGGGCGGTGACGGAGCTGGGGCGGCCTGACGCCGAGTCCTGGAACAGCCAGAAGGACCTCCTGGAAGGCAGGCGGGCCGCGGTGGACACCTACTGCAGACACAACTACAGGATTGCGGAGAGCTTCACAGTGCAGCGGCGAGGTGAAAGCTTGC,ASSVPPARFLEQAKSECHFFNGTERVRFLDRYIHNQEEFARFDSDVGEFRAVTELGRPDAESWNSQKDLLEGRRAAVDTYCRHNYRIAESFTVQRRGESL,8,TTGGAGCAGGCTAAGTCTGAGTGTCACTTCTTCAATGGGACGGAGCGGGTGCGGTTCCTGGACAGATACATCCATAACCAGGAGGAGTTCGCGCGCTTCGACAGCGACGTGGGGGAGTTCCGGGCGGTGACGGAGCTGGGGCGGCCTGACGCCGAGTCCTGGAACAGCCAGAAGGACCTCCTGGAAGGCAGGCGGGCCGCGGTGGACACCTACTGCAGACACAACTACAGGATTGCGGAGAGCTTCACAGTGCAGCGGCGAG,LEQAKSECHFFNGTERVRFLDRYIHNQEEFARFDSDVGEFRAVTELGRPDAESWNSQKDLLEGRRAAVDTYCRHNYRIAESFTVQRR,5,11085,Paan-DRB*W083:01,14,drb
GCCTCGAGTGTCCCCCCAGCACGTTTCTTGGAGCAGGCTAAGTCTGAGTGTCACTTCTTCAATGGGACGGAGCGGGTGCGGTTCCTGGACAGATACATCCATAACCAGGAGGAGTTCGCGCGCTTCGACAGCGACGTGGGGGAGTTCCGGGCGGTGACGGAGCTGGGGCGGCCTGACGCCGAGTCCTGGAACAGCCAGAAGGACCTCCTGGAAGGCAGGCGGGCCGCGGTGGACACCTACTGCAGACACAACTACAGGATTGCGGAGAGCTTCACAGTGCAGCGGCGAGGTGAAAGCTTGC,ASSVPPARFLEQAKSECHFFNGTERVRFLDRYIHNQEEFARFDSDVGEFRAVTELGRPDAESWNSQKDLLEGRRAAVDTYCRHNYRIAESFTVQRRGESL,8,TTGGAGCAGGCTAAGTCTGAGTGTCACTTCTTCAATGGGACGGAGCGGGTGCGGTTCCTGGACAGATACATCCATAACCAGGAGGAGTTCGCGCGCTTCGACAGCGACGTGGGGGAGTTCCGGGCGGTGACGGAGCTGGGGCGGCCTGACGCCGAGTCCTGGAACAGCCAGAAGGACCTCCTGGAAGGCAGGCGGGCCGCGGTGGACACCTACTGCAGACACAACTACAGGATTGCGGAGAGCTTCACAGTGCAGCGGCGAG,LEQAKSECHFFNGTERVRFLDRYIHNQEEFARFDSDVGEFRAVTELGRPDAESWNSQKDLLEGRRAAVDTYCRHNYRIAESFTVQRR,4,11599,Paan-DRB*W083:01,20,drb
GCCTCGAGTGTCCCCCCAGCACGTTTCTTGGAGCAGGCTAAGTCTGAGTGTCACTTCTTCAATGGGACGGAGCGGGTGCGGTTCCTGGACAGATACATCCATAACCAGGAGGAGTTCGCGCGCTTCGACAGCGACGTGGGGGAGTTCCGGGCGGTGACGGAGCTGGGGCGGCCTGACGCCGAGTCCTGGAACAGCCAGAAGGACCTCCTGGAAGGCAGGCGGGCCGCGGTGGACACCTACTGCAGACACAACTACAGGATTGCGGAGAGCTTCACAGTGCAGCGGCGAGGTGAAAGCTTGC,ASSVPPARFLEQAKSECHFFNGTERVRFLDRYIHNQEEFARFDSDVGEFRAVTELGRPDAESWNSQKDLLEGRRAAVDTYCRHNYRIAESFTVQRRGESL,8,TTGGAGCAGGCTAAGTCTGAGTGTCACTTCTTCAATGGGACGGAGCGGGTGCGGTTCCTGGACAGATACATCCATAACCAGGAGGAGTTCGCGCGCTTCGACAGCGACGTGGGGGAGTTCCGGGCGGTGACGGAGCTGGGGCGGCCTGACGCCGAGTCCTGGAACAGCCAGAAGGACCTCCTGGAAGGCAGGCGGGCCGCGGTGGACACCTACTGCAGACACAACTACAGGATTGCGGAGAGCTTCACAGTGCAGCGGCGAG,LEQAKSECHFFNGTERVRFLDRYIHNQEEFARFDSDVGEFRAVTELGRPDAESWNSQKDLLEGRRAAVDTYCRHNYRIAESFTVQRR,6,12995,Paan-DRB*W083:01,21,drb
GCCTCGAGTGTCCCCCCAGCACGTTTCTTGGAGCAGGCTAAGTCTGAGTGTCACTTCTTCAATGGGACGGAGCGGGTGCGGTTCCTGGACAGATACATCCATAACCAGGAGGAGTTCGCGCGCTTCGACAGCGACGTGGGGGAGTTCCGGGCGGTGACGGAGCTGGGGCGGCCTGACGCCGAGTCCTGGAACAGCCAGAAGGACCTCCTGGAAGGCAGGCGGGCCGCGGTGGACACCTACTGCAGACACAACTACAGGATTGCGGAGAGCTTCACAGTGCAGCGGCGAGGTGAAAGCTTGC,ASSVPPARFLEQAKSECHFFNGTERVRFLDRYIHNQEEFARFDSDVGEFRAVTELGRPDAESWNSQKDLLEGRRAAVDTYCRHNYRIAESFTVQRRGESL,8,TTGGAGCAGGCTAAGTCTGAGTGTCACTTCTTCAATGGGACGGAGCGGGTGCGGTTCCTGGACAGATACATCCATAACCAGGAGGAGTTCGCGCGCTTCGACAGCGACGTGGGGGAGTTCCGGGCGGTGACGGAGCTGGGGCGGCCTGACGCCGAGTCCTGGAACAGCCAGAAGGACCTCCTGGAAGGCAGGCGGGCCGCGGTGGACACCTACTGCAGACACAACTACAGGATTGCGGAGAGCTTCACAGTGCAGCGGCGAG,LEQAKSECHFFNGTERVRFLDRYIHNQEEFARFDSDVGEFRAVTELGRPDAESWNSQKDLLEGRRAAVDTYCRHNYRIAESFTVQRR,5,14810,Paan-DRB*W083:01,22,drb
GCCTCGAGTGTCCCCCCAGCACGTTTCTTGGAGCAGGGTAAGTCTGAGTGTCATTTCTTCAACGGGACGGAGCGGGTGCGGTTCCTGGAGAGATACTTCCATAACCAGGAGGAGTTCGTGCGCTTCGACAGCGACGTGGGGGAGTACCGGGCGGTGACGGAGCTGGGGCGGCCTGACGCCGAGTCCTGGAACAGTCGGAAGGACCTCCTGGAGCAGAAGCGGGGCCAGGTTGACAACTACTGCAGATACAACTACGGGGTTGTGGAGAACTTCACAGTGCAGCGGCGAGGTGAAAGCTTGC,ASSVPPARFLEQGKSECHFFNGTERVRFLERYFHNQEEFVRFDSDVGEYRAVTELGRPDAESWNSRKDLLEQKRGQVDNYCRYNYGVVENFTVQRRGESL,9,TTGGAGCAGGGTAAGTCTGAGTGTCATTTCTTCAACGGGACGGAGCGGGTGCGGTTCCTGGAGAGATACTTCCATAACCAGGAGGAGTTCGTGCGCTTCGACAGCGACGTGGGGGAGTACCGGGCGGTGACGGAGCTGGGGCGGCCTGACGCCGAGTCCTGGAACAGTCGGAAGGACCTCCTGGAGCAGAAGCGGGGCCAGGTTGACAACTACTGCAGATACAACTACGGGGTTGTGGAGAACTTCACAGTGCAGCGGCGAG,LEQGKSECHFFNGTERVRFLERYFHNQEEFVRFDSDVGEYRAVTELGRPDAESWNSRKDLLEQKRGQVDNYCRYNYGVVENFTVQRR,4,13798,Paan-DRB*W048:01,2,drb
GCCTCGAGTGTCCCCCCAGCACGTTTCTTGGAGCAGGGTAAGTCTGAGTGTCATTTCTTCAACGGGACGGAGCGGGTGCGGTTCCTGGAGAGATACTTCCATAACCAGGAGGAGTTCGTGCGCTTCGACAGCGACGTGGGGGAGTACCGGGCGGTGACGGAGCTGGGGCGGCCTGACGCCGAGTCCTGGAACAGTCGGAAGGACCTCCTGGAGCAGAAGCGGGGCCAGGTTGACAACTACTGCAGATACAACTACGGGGTTGTGGAGAACTTCACAGTGCAGCGGCGAGGTGAAAGCTTGC,ASSVPPARFLEQGKSECHFFNGTERVRFLERYFHNQEEFVRFDSDVGEYRAVTELGRPDAESWNSRKDLLEQKRGQVDNYCRYNYGVVENFTVQRRGESL,9,TTGGAGCAGGGTAAGTCTGAGTGTCATTTCTTCAACGGGACGGAGCGGGTGCGGTTCCTGGAGAGATACTTCCATAACCAGGAGGAGTTCGTGCGCTTCGACAGCGACGTGGGGGAGTACCGGGCGGTGACGGAGCTGGGGCGGCCTGACGCCGAGTCCTGGAACAGTCGGAAGGACCTCCTGGAGCAGAAGCGGGGCCAGGTTGACAACTACTGCAGATACAACTACGGGGTTGTGGAGAACTTCACAGTGCAGCGGCGAG,LEQGKSECHFFNGTERVRFLERYFHNQEEFVRFDSDVGEYRAVTELGRPDAESWNSRKDLLEQKRGQVDNYCRYNYGVVENFTVQRR,3,21122,Paan-DRB*W048:01,6,drb
GCCTCGAGTGTCCCCCCAGCACGTTTCTTGGAGCAGGGTAAGTCTGAGTGTCATTTCTTCAACGGGACGGAGCGGGTGCGGTTCCTGGAGAGATACTTCCATAACCAGGAGGAGTTCGTGCGCTTCGACAGCGACGTGGGGGAGTACCGGGCGGTGACGGAGCTGGGGCGGCCTGACGCCGAGTCCTGGAACAGTCGGAAGGACCTCCTGGAGCAGAAGCGGGGCCAGGTTGACAACTACTGCAGATACAACTACGGGGTTGTGGAGAACTTCACAGTGCAGCGGCGAGGTGAAAGCTTGC,ASSVPPARFLEQGKSECHFFNGTERVRFLERYFHNQEEFVRFDSDVGEYRAVTELGRPDAESWNSRKDLLEQKRGQVDNYCRYNYGVVENFTVQRRGESL,9,TTGGAGCAGGGTAAGTCTGAGTGTCATTTCTTCAACGGGACGGAGCGGGTGCGGTTCCTGGAGAGATACTTCCATAACCAGGAGGAGTTCGTGCGCTTCGACAGCGACGTGGGGGAGTACCGGGCGGTGACGGAGCTGGGGCGGCCTGACGCCGAGTCCTGGAACAGTCGGAAGGACCTCCTGGAGCAGAAGCGGGGCCAGGTTGACAACTACTGCAGATACAACTACGGGGTTGTGGAGAACTTCACAGTGCAGCGGCGAG,LEQGKSECHFFNGTERVRFLERYFHNQEEFVRFDSDVGEYRAVTELGRPDAESWNSRKDLLEQKRGQVDNYCRYNYGVVENFTVQRR,6,7205,Paan-DRB*W048:01,8,drb
GCCTCGAGTGTCCCCCCAGCACGTTTCTTGGAGCAGGGTAAGTCTGAGTGTCATTTCTTCAACGGGACGGAGCGGGTGCGGTTCCTGGAGAGATACTTCCATAACCAGGAGGAGTTCGTGCGCTTCGACAGCGACGTGGGGGAGTACCGGGCGGTGACGGAGCTGGGGCGGCCTGACGCCGAGTCCTGGAACAGTCGGAAGGACCTCCTGGAGCAGAAGCGGGGCCAGGTTGACAACTACTGCAGATACAACTACGGGGTTGTGGAGAACTTCACAGTGCAGCGGCGAGGTGAAAGCTTGC,ASSVPPARFLEQGKSECHFFNGTERVRFLERYFHNQEEFVRFDSDVGEYRAVTELGRPDAESWNSRKDLLEQKRGQVDNYCRYNYGVVENFTVQRRGESL,9,TTGGAGCAGGGTAAGTCTGAGTGTCATTTCTTCAACGGGACGGAGCGGGTGCGGTTCCTGGAGAGATACTTCCATAACCAGGAGGAGTTCGTGCGCTTCGACAGCGACGTGGGGGAGTACCGGGCGGTGACGGAGCTGGGGCGGCCTGACGCCGAGTCCTGGAACAGTCGGAAGGACCTCCTGGAGCAGAAGCGGGGCCAGGTTGACAACTACTGCAGATACAACTACGGGGTTGTGGAGAACTTCACAGTGCAGCGGCGAG,LEQGKSECHFFNGTERVRFLERYFHNQEEFVRFDSDVGEYRAVTELGRPDAESWNSRKDLLEQKRGQVDNYCRYNYGVVENFTVQRR,3,18037,Paan-DRB*W048:01,9,drb
GCCTCGAGTGTCCCCCCAGCACGTTTCTTGGAGCAGGGTAAGTCTGAGTGTCATTTCTTCAACGGGACGGAGCGGGTGCGGTTCCTGGAGAGATACTTCCATAACCAGGAGGAGTTCGTGCGCTTCGACAGCGACGTGGGGGAGTACCGGGCGGTGACGGAGCTGGGGCGGCCTGACGCCGAGTCCTGGAACAGTCGGAAGGACCTCCTGGAGCAGAAGCGGGGCCAGGTTGACAACTACTGCAGATACAACTACGGGGTTGTGGAGAACTTCACAGTGCAGCGGCGAGGTGAAAGCTTGC,ASSVPPARFLEQGKSECHFFNGTERVRFLERYFHNQEEFVRFDSDVGEYRAVTELGRPDAESWNSRKDLLEQKRGQVDNYCRYNYGVVENFTVQRRGESL,9,TTGGAGCAGGGTAAGTCTGAGTGTCATTTCTTCAACGGGACGGAGCGGGTGCGGTTCCTGGAGAGATACTTCCATAACCAGGAGGAGTTCGTGCGCTTCGACAGCGACGTGGGGGAGTACCGGGCGGTGACGGAGCTGGGGCGGCCTGACGCCGAGTCCTGGAACAGTCGGAAGGACCTCCTGGAGCAGAAGCGGGGCCAGGTTGACAACTACTGCAGATACAACTACGGGGTTGTGGAGAACTTCACAGTGCAGCGGCGAG,LEQGKSECHFFNGTERVRFLERYFHNQEEFVRFDSDVGEYRAVTELGRPDAESWNSRKDLLEQKRGQVDNYCRYNYGVVENFTVQRR,3,10507,Paan-DRB*W048:01,12,drb
GCCTCGAGTGTCCCCCCAGCACGTTTCTTGGAGCAGGGTAAGTCTGAGTGTCATTTCTTCAACGGGACGGAGCGGGTGCGGTTCCTGGAGAGATACTTCCATAACCAGGAGGAGTTCGTGCGCTTCGACAGCGACGTGGGGGAGTACCGGGCGGTGACGGAGCTGGGGCGGCCTGACGCCGAGTCCTGGAACAGTCGGAAGGACCTCCTGGAGCAGAAGCGGGGCCAGGTTGACAACTACTGCAGATACAACTACGGGGTTGTGGAGAACTTCACAGTGCAGCGGCGAGGTGAAAGCTTGC,ASSVPPARFLEQGKSECHFFNGTERVRFLERYFHNQEEFVRFDSDVGEYRAVTELGRPDAESWNSRKDLLEQKRGQVDNYCRYNYGVVENFTVQRRGESL,9,TTGGAGCAGGGTAAGTCTGAGTGTCATTTCTTCAACGGGACGGAGCGGGTGCGGTTCCTGGAGAGATACTTCCATAACCAGGAGGAGTTCGTGCGCTTCGACAGCGACGTGGGGGAGTACCGGGCGGTGACGGAGCTGGGGCGGCCTGACGCCGAGTCCTGGAACAGTCGGAAGGACCTCCTGGAGCAGAAGCGGGGCCAGGTTGACAACTACTGCAGATACAACTACGGGGTTGTGGAGAACTTCACAGTGCAGCGGCGAG,LEQGKSECHFFNGTERVRFLERYFHNQEEFVRFDSDVGEYRAVTELGRPDAESWNSRKDLLEQKRGQVDNYCRYNYGVVENFTVQRR,3,11644,Paan-DRB*W048:01,14,drb
GCCTCGAGTGTCCCCCCAGCACGTTTCTTGGAGCAGGGTAAGTCTGAGTGTCATTTCTTCAACGGGACGGAGCGGGTGCGGTTCCTGGAGAGATACTTCCATAACCAGGAGGAGTTCGTGCGCTTCGACAGCGACGTGGGGGAGTACCGGGCGGTGACGGAGCTGGGGCGGCCTGACGCCGAGTCCTGGAACAGTCGGAAGGACCTCCTGGAGCAGAAGCGGGGCCAGGTTGACAACTACTGCAGATACAACTACGGGGTTGTGGAGAACTTCACAGTGCAGCGGCGAGGTGAAAGCTTGC,ASSVPPARFLEQGKSECHFFNGTERVRFLERYFHNQEEFVRFDSDVGEYRAVTELGRPDAESWNSRKDLLEQKRGQVDNYCRYNYGVVENFTVQRRGESL,9,TTGGAGCAGGGTAAGTCTGAGTGTCATTTCTTCAACGGGACGGAGCGGGTGCGGTTCCTGGAGAGATACTTCCATAACCAGGAGGAGTTCGTGCGCTTCGACAGCGACGTGGGGGAGTACCGGGCGGTGACGGAGCTGGGGCGGCCTGACGCCGAGTCCTGGAACAGTCGGAAGGACCTCCTGGAGCAGAAGCGGGGCCAGGTTGACAACTACTGCAGATACAACTACGGGGTTGTGGAGAACTTCACAGTGCAGCGGCGAG,LEQGKSECHFFNGTERVRFLERYFHNQEEFVRFDSDVGEYRAVTELGRPDAESWNSRKDLLEQKRGQVDNYCRYNYGVVENFTVQRR,3,12167,Paan-DRB*W048:01,20,drb
GCCTCGAGTGTCCCCCCAGCACGTTTCTTGGAGCAGGGTAAGTCTGAGTGTCATTTCTTCAACGGGACGGAGCGGGTGCGGTTCCTGGAGAGATACTTCCATAACCAGGAGGAGTTCGTGCGCTTCGACAGCGACGTGGGGGAGTACCGGGCGGTGACGGAGCTGGGGCGGCCTGACGCCGAGTCCTGGAACAGTCGGAAGGACCTCCTGGAGCAGAAGCGGGGCCAGGTTGACAACTACTGCAGATACAACTACGGGGTTGTGGAGAACTTCACAGTGCAGCGGCGAGGTGAAAGCTTGC,ASSVPPARFLEQGKSECHFFNGTERVRFLERYFHNQEEFVRFDSDVGEYRAVTELGRPDAESWNSRKDLLEQKRGQVDNYCRYNYGVVENFTVQRRGESL,9,TTGGAGCAGGGTAAGTCTGAGTGTCATTTCTTCAACGGGACGGAGCGGGTGCGGTTCCTGGAGAGATACTTCCATAACCAGGAGGAGTTCGTGCGCTTCGACAGCGACGTGGGGGAGTACCGGGCGGTGACGGAGCTGGGGCGGCCTGACGCCGAGTCCTGGAACAGTCGGAAGGACCTCCTGGAGCAGAAGCGGGGCCAGGTTGACAACTACTGCAGATACAACTACGGGGTTGTGGAGAACTTCACAGTGCAGCGGCGAG,LEQGKSECHFFNGTERVRFLERYFHNQEEFVRFDSDVGEYRAVTELGRPDAESWNSRKDLLEQKRGQVDNYCRYNYGVVENFTVQRR,5,13024,Paan-DRB*W048:01,21,drb
GCCTCGAGTGTCCCCCCAGCACGTTTCTTGGAGCAGGGTAAGTCTGAGTGTCATTTCTTCAACGGGACGGAGCGGGTGCGGTTCCTGGAGAGATACTTCCATAACCAGGAGGAGTTCGTGCGCTTCGACAGCGACGTGGGGGAGTACCGGGCGGTGACGGAGCTGGGGCGGCCTGACGCCGAGTCCTGGAACAGTCGGAAGGACCTCCTGGAGCAGAAGCGGGGCCAGGTTGACAACTACTGCAGATACAACTACGGGGTTGTGGAGAACTTCACAGTGCAGCGGCGAGGTGAAAGCTTGC,ASSVPPARFLEQGKSECHFFNGTERVRFLERYFHNQEEFVRFDSDVGEYRAVTELGRPDAESWNSRKDLLEQKRGQVDNYCRYNYGVVENFTVQRRGESL,9,TTGGAGCAGGGTAAGTCTGAGTGTCATTTCTTCAACGGGACGGAGCGGGTGCGGTTCCTGGAGAGATACTTCCATAACCAGGAGGAGTTCGTGCGCTTCGACAGCGACGTGGGGGAGTACCGGGCGGTGACGGAGCTGGGGCGGCCTGACGCCGAGTCCTGGAACAGTCGGAAGGACCTCCTGGAGCAGAAGCGGGGCCAGGTTGACAACTACTGCAGATACAACTACGGGGTTGTGGAGAACTTCACAGTGCAGCGGCGAG,LEQGKSECHFFNGTERVRFLERYFHNQEEFVRFDSDVGEYRAVTELGRPDAESWNSRKDLLEQKRGQVDNYCRYNYGVVENFTVQRR,4,15055,Paan-DRB*W048:01,22,drb
GCCTCGAGTGTCCCCCCAGCACGTTTCTTGGAGCAGCATAAGGCTGAGTGTCATTTCTTCAACGGGACGGAGCGGGTGCGGTTGCTGGACAGATACATCCATAACCAGGAGGAGTTCCTGCGCTTCGACAGCGACGTCGGGGAGTTCCGGGCGGTGACGGAGCTGGGGCGGCCTGTCGCCGAGAACTTGAACACTCGGAAGGAACTCCTGGAGCGGGAGCGGGCCCAGGTGGACACCGTGTGCAGACACAACTACGGGGGTGTGGAGAGCTTCACAGTGCAGCGGCGAGGTGAAAGCTTGC,ASSVPPARFLEQHKAECHFFNGTERVRLLDRYIHNQEEFLRFDSDVGEFRAVTELGRPVAENLNTRKELLERERAQVDTVCRHNYGGVESFTVQRRGESL,10,TTGGAGCAGCATAAGGCTGAGTGTCATTTCTTCAACGGGACGGAGCGGGTGCGGTTGCTGGACAGATACATCCATAACCAGGAGGAGTTCCTGCGCTTCGACAGCGACGTCGGGGAGTTCCGGGCGGTGACGGAGCTGGGGCGGCCTGTCGCCGAGAACTTGAACACTCGGAAGGAACTCCTGGAGCGGGAGCGGGCCCAGGTGGACACCGTGTGCAGACACAACTACGGGGGTGTGGAGAGCTTCACAGTGCAGCGGCGAG,LEQHKAECHFFNGTERVRLLDRYIHNQEEFLRFDSDVGEFRAVTELGRPVAENLNTRKELLERERAQVDTVCRHNYGGVESFTVQRR,4,5996,Paan-DRB*W053:01,3,drb
GCCTCGAGTGTCCCCCCAGCACGTTTCTTGGAGCAGCATAAGGCTGAGTGTCATTTCTTCAACGGGACGGAGCGGGTGCGGTTGCTGGACAGATACATCCATAACCAGGAGGAGTTCCTGCGCTTCGACAGCGACGTCGGGGAGTTCCGGGCGGTGACGGAGCTGGGGCGGCCTGTCGCCGAGAACTTGAACACTCGGAAGGAACTCCTGGAGCGGGAGCGGGCCCAGGTGGACACCGTGTGCAGACACAACTACGGGGGTGTGGAGAGCTTCACAGTGCAGCGGCGAGGTGAAAGCTTGC,ASSVPPARFLEQHKAECHFFNGTERVRLLDRYIHNQEEFLRFDSDVGEFRAVTELGRPVAENLNTRKELLERERAQVDTVCRHNYGGVESFTVQRRGESL,10,TTGGAGCAGCATAAGGCTGAGTGTCATTTCTTCAACGGGACGGAGCGGGTGCGGTTGCTGGACAGATACATCCATAACCAGGAGGAGTTCCTGCGCTTCGACAGCGACGTCGGGGAGTTCCGGGCGGTGACGGAGCTGGGGCGGCCTGTCGCCGAGAACTTGAACACTCGGAAGGAACTCCTGGAGCGGGAGCGGGCCCAGGTGGACACCGTGTGCAGACACAACTACGGGGGTGTGGAGAGCTTCACAGTGCAGCGGCGAG,LEQHKAECHFFNGTERVRLLDRYIHNQEEFLRFDSDVGEFRAVTELGRPVAENLNTRKELLERERAQVDTVCRHNYGGVESFTVQRR,4,3688,Paan-DRB*W053:01,5,drb
GCCTCGAGTGTCCCCCCAGCACGTTTCTTGGAGCAGCATAAGGCTGAGTGTCATTTCTTCAACGGGACGGAGCGGGTGCGGTTGCTGGACAGATACATCCATAACCAGGAGGAGTTCCTGCGCTTCGACAGCGACGTCGGGGAGTTCCGGGCGGTGACGGAGCTGGGGCGGCCTGTCGCCGAGAACTTGAACACTCGGAAGGAACTCCTGGAGCGGGAGCGGGCCCAGGTGGACACCGTGTGCAGACACAACTACGGGGGTGTGGAGAGCTTCACAGTGCAGCGGCGAGGTGAAAGCTTGC,ASSVPPARFLEQHKAECHFFNGTERVRLLDRYIHNQEEFLRFDSDVGEFRAVTELGRPVAENLNTRKELLERERAQVDTVCRHNYGGVESFTVQRRGESL,10,TTGGAGCAGCATAAGGCTGAGTGTCATTTCTTCAACGGGACGGAGCGGGTGCGGTTGCTGGACAGATACATCCATAACCAGGAGGAGTTCCTGCGCTTCGACAGCGACGTCGGGGAGTTCCGGGCGGTGACGGAGCTGGGGCGGCCTGTCGCCGAGAACTTGAACACTCGGAAGGAACTCCTGGAGCGGGAGCGGGCCCAGGTGGACACCGTGTGCAGACACAACTACGGGGGTGTGGAGAGCTTCACAGTGCAGCGGCGAG,LEQHKAECHFFNGTERVRLLDRYIHNQEEFLRFDSDVGEFRAVTELGRPVAENLNTRKELLERERAQVDTVCRHNYGGVESFTVQRR,4,5159,Paan-DRB*W053:01,6,drb
GCCTCGAGTGTCCCCCCAGCACGTTTCTTGGAGCAGCATAAGGCTGAGTGTCATTTCTTCAACGGGACGGAGCGGGTGCGGTTGCTGGACAGATACATCCATAACCAGGAGGAGTTCCTGCGCTTCGACAGCGACGTCGGGGAGTTCCGGGCGGTGACGGAGCTGGGGCGGCCTGTCGCCGAGAACTTGAACACTCGGAAGGAACTCCTGGAGCGGGAGCGGGCCCAGGTGGACACCGTGTGCAGACACAACTACGGGGGTGTGGAGAGCTTCACAGTGCAGCGGCGAGGTGAAAGCTTGC,ASSVPPARFLEQHKAECHFFNGTERVRLLDRYIHNQEEFLRFDSDVGEFRAVTELGRPVAENLNTRKELLERERAQVDTVCRHNYGGVESFTVQRRGESL,10,TTGGAGCAGCATAAGGCTGAGTGTCATTTCTTCAACGGGACGGAGCGGGTGCGGTTGCTGGACAGATACATCCATAACCAGGAGGAGTTCCTGCGCTTCGACAGCGACGTCGGGGAGTTCCGGGCGGTGACGGAGCTGGGGCGGCCTGTCGCCGAGAACTTGAACACTCGGAAGGAACTCCTGGAGCGGGAGCGGGCCCAGGTGGACACCGTGTGCAGACACAACTACGGGGGTGTGGAGAGCTTCACAGTGCAGCGGCGAG,LEQHKAECHFFNGTERVRLLDRYIHNQEEFLRFDSDVGEFRAVTELGRPVAENLNTRKELLERERAQVDTVCRHNYGGVESFTVQRR,4,4969,Paan-DRB*W053:01,7,drb
GCCTCGAGTGTCCCCCCAGCACGTTTCTTGGAGCAGCATAAGGCTGAGTGTCATTTCTTCAACGGGACGGAGCGGGTGCGGTTGCTGGACAGATACATCCATAACCAGGAGGAGTTCCTGCGCTTCGACAGCGACGTCGGGGAGTTCCGGGCGGTGACGGAGCTGGGGCGGCCTGTCGCCGAGAACTTGAACACTCGGAAGGAACTCCTGGAGCGGGAGCGGGCCCAGGTGGACACCGTGTGCAGACACAACTACGGGGGTGTGGAGAGCTTCACAGTGCAGCGGCGAGGTGAAAGCTTGC,ASSVPPARFLEQHKAECHFFNGTERVRLLDRYIHNQEEFLRFDSDVGEFRAVTELGRPVAENLNTRKELLERERAQVDTVCRHNYGGVESFTVQRRGESL,10,TTGGAGCAGCATAAGGCTGAGTGTCATTTCTTCAACGGGACGGAGCGGGTGCGGTTGCTGGACAGATACATCCATAACCAGGAGGAGTTCCTGCGCTTCGACAGCGACGTCGGGGAGTTCCGGGCGGTGACGGAGCTGGGGCGGCCTGTCGCCGAGAACTTGAACACTCGGAAGGAACTCCTGGAGCGGGAGCGGGCCCAGGTGGACACCGTGTGCAGACACAACTACGGGGGTGTGGAGAGCTTCACAGTGCAGCGGCGAG,LEQHKAECHFFNGTERVRLLDRYIHNQEEFLRFDSDVGEFRAVTELGRPVAENLNTRKELLERERAQVDTVCRHNYGGVESFTVQRR,1,63839,Paan-DRB*W053:01,13,drb
GCCTCGAGTGTCCCCCCAGCACGTTTCTTGGAGCAGCATAAGGCTGAGTGTCATTTCTTCAACGGGACGGAGCGGGTGCGGTTGCTGGACAGATACATCCATAACCAGGAGGAGTTCCTGCGCTTCGACAGCGACGTCGGGGAGTTCCGGGCGGTGACGGAGCTGGGGCGGCCTGTCGCCGAGAACTTGAACACTCGGAAGGAACTCCTGGAGCGGGAGCGGGCCCAGGTGGACACCGTGTGCAGACACAACTACGGGGGTGTGGAGAGCTTCACAGTGCAGCGGCGAGGTGAAAGCTTGC,ASSVPPARFLEQHKAECHFFNGTERVRLLDRYIHNQEEFLRFDSDVGEFRAVTELGRPVAENLNTRKELLERERAQVDTVCRHNYGGVESFTVQRRGESL,10,TTGGAGCAGCATAAGGCTGAGTGTCATTTCTTCAACGGGACGGAGCGGGTGCGGTTGCTGGACAGATACATCCATAACCAGGAGGAGTTCCTGCGCTTCGACAGCGACGTCGGGGAGTTCCGGGCGGTGACGGAGCTGGGGCGGCCTGTCGCCGAGAACTTGAACACTCGGAAGGAACTCCTGGAGCGGGAGCGGGCCCAGGTGGACACCGTGTGCAGACACAACTACGGGGGTGTGGAGAGCTTCACAGTGCAGCGGCGAG,LEQHKAECHFFNGTERVRLLDRYIHNQEEFLRFDSDVGEFRAVTELGRPVAENLNTRKELLERERAQVDTVCRHNYGGVESFTVQRR,4,4204,Paan-DRB*W053:01,15,drb
GCCTCGAGTGTCCCCCCAGCACGTTTCTTGGAGTACTCTACATCTGAGTGTCACTTCTTCAACGGGATGGAGCGGGTGCGGTTCCTGGACAGATACTTCTATAACCAGGAGGAGTACGTGCGCTTCGACAGCGACGTGGGGGAGTTCCGGGCGGTGTCGGAGCTGGGGCGGCGTAGCGCGGAGTACTGGAACAGCCGGAAGGACTACCTGGAAGACGAGCGGGCCGCGGTGGACACCTACTGCAGATACAACTACGGGGTTGTGGAGAGCTTCACAGTGCAGCGGCGAGGTGAAAGCTTGC,ASSVPPARFLEYSTSECHFFNGMERVRFLDRYFYNQEEYVRFDSDVGEFRAVSELGRRSAEYWNSRKDYLEDERAAVDTYCRYNYGVVESFTVQRRGESL,11,TTGGAGTACTCTACATCTGAGTGTCACTTCTTCAACGGGATGGAGCGGGTGCGGTTCCTGGACAGATACTTCTATAACCAGGAGGAGTACGTGCGCTTCGACAGCGACGTGGGGGAGTTCCGGGCGGTGTCGGAGCTGGGGCGGCGTAGCGCGGAGTACTGGAACAGCCGGAAGGACTACCTGGAAGACGAGCGGGCCGCGGTGGACACCTACTGCAGATACAACTACGGGGTTGTGGAGAGCTTCACAGTGCAGCGGCGAG,LEYSTSECHFFNGMERVRFLDRYFYNQEEYVRFDSDVGEFRAVSELGRRSAEYWNSRKDYLEDERAAVDTYCRYNYGVVESFTVQRR,1,20860,Paan-DRB1*03:02,4,drb
GCCTCGAGTGTCCCCCCAGCACGTTTCTTGGAGTACTCTACATCTGAGTGTCACTTCTTCAACGGGATGGAGCGGGTGCGGTTCCTGGACAGATACTTCTATAACCAGGAGGAGTACGTGCGCTTCGACAGCGACGTGGGGGAGTTCCGGGCGGTGTCGGAGCTGGGGCGGCGTAGCGCGGAGTACTGGAACAGCCGGAAGGACTACCTGGAAGACGAGCGGGCCGCGGTGGACACCTACTGCAGATACAACTACGGGGTTGTGGAGAGCTTCACAGTGCAGCGGCGAGGTGAAAGCTTGC,ASSVPPARFLEYSTSECHFFNGMERVRFLDRYFYNQEEYVRFDSDVGEFRAVSELGRRSAEYWNSRKDYLEDERAAVDTYCRYNYGVVESFTVQRRGESL,11,TTGGAGTACTCTACATCTGAGTGTCACTTCTTCAACGGGATGGAGCGGGTGCGGTTCCTGGACAGATACTTCTATAACCAGGAGGAGTACGTGCGCTTCGACAGCGACGTGGGGGAGTTCCGGGCGGTGTCGGAGCTGGGGCGGCGTAGCGCGGAGTACTGGAACAGCCGGAAGGACTACCTGGAAGACGAGCGGGCCGCGGTGGACACCTACTGCAGATACAACTACGGGGTTGTGGAGAGCTTCACAGTGCAGCGGCGAG,LEYSTSECHFFNGMERVRFLDRYFYNQEEYVRFDSDVGEFRAVSELGRRSAEYWNSRKDYLEDERAAVDTYCRYNYGVVESFTVQRR,2,16735,Paan-DRB1*03:02,11,drb
GCCTCGAGTGTCCCCCCAGCACGTTTCTTGGAGTACTCTACATCTGAGTGTCACTTCTTCAACGGGATGGAGCGGGTGCGGTTCCTGGACAGATACTTCTATAACCAGGAGGAGTACGTGCGCTTCGACAGCGACGTGGGGGAGTTCCGGGCGGTGTCGGAGCTGGGGCGGCGTAGCGCGGAGTACTGGAACAGCCGGAAGGACTACCTGGAAGACGAGCGGGCCGCGGTGGACACCTACTGCAGATACAACTACGGGGTTGTGGAGAGCTTCACAGTGCAGCGGCGAGGTGAAAGCTTGC,ASSVPPARFLEYSTSECHFFNGMERVRFLDRYFYNQEEYVRFDSDVGEFRAVSELGRRSAEYWNSRKDYLEDERAAVDTYCRYNYGVVESFTVQRRGESL,11,TTGGAGTACTCTACATCTGAGTGTCACTTCTTCAACGGGATGGAGCGGGTGCGGTTCCTGGACAGATACTTCTATAACCAGGAGGAGTACGTGCGCTTCGACAGCGACGTGGGGGAGTTCCGGGCGGTGTCGGAGCTGGGGCGGCGTAGCGCGGAGTACTGGAACAGCCGGAAGGACTACCTGGAAGACGAGCGGGCCGCGGTGGACACCTACTGCAGATACAACTACGGGGTTGTGGAGAGCTTCACAGTGCAGCGGCGAG,LEYSTSECHFFNGMERVRFLDRYFYNQEEYVRFDSDVGEFRAVSELGRRSAEYWNSRKDYLEDERAAVDTYCRYNYGVVESFTVQRR,3,17540,Paan-DRB1*03:02,19,drb
GCCTCGAGTGTCCCCCCAGCACGTTTCTTGGAGTACTCTACATCTGAGTGTCACTTCTTCAACGGGATGGAGCGGGTGCGGTTCCTGGACAGATACTTCTATAACCAGGAGGAGTACGTGCGCTTCGACAGCGACGTGGGGGAGTTCCGGGCGGTGTCGGAGCTGGGGCGGCGTAGCGCGGAGTACTGGAACAGCCGGAAGGACTACCTGGAAGACGAGCGGGCCGCGGTGGACACCTACTGCAGATACAACTACGGGGTTGTGGAGAGCTTCACAGTGCAGCGGCGAGGTGAAAGCTTGC,ASSVPPARFLEYSTSECHFFNGMERVRFLDRYFYNQEEYVRFDSDVGEFRAVSELGRRSAEYWNSRKDYLEDERAAVDTYCRYNYGVVESFTVQRRGESL,11,TTGGAGTACTCTACATCTGAGTGTCACTTCTTCAACGGGATGGAGCGGGTGCGGTTCCTGGACAGATACTTCTATAACCAGGAGGAGTACGTGCGCTTCGACAGCGACGTGGGGGAGTTCCGGGCGGTGTCGGAGCTGGGGCGGCGTAGCGCGGAGTACTGGAACAGCCGGAAGGACTACCTGGAAGACGAGCGGGCCGCGGTGGACACCTACTGCAGATACAACTACGGGGTTGTGGAGAGCTTCACAGTGCAGCGGCGAG,LEYSTSECHFFNGMERVRFLDRYFYNQEEYVRFDSDVGEFRAVSELGRRSAEYWNSRKDYLEDERAAVDTYCRYNYGVVESFTVQRR,3,18723,Paan-DRB1*03:02,22,drb
GCCTCGAGTGTCCCCCCAGCACGTTTCTTGTGGCAGGCTAAACGTGAGTGTCATTTCTTCAACGGGACGGAGCGGGTGCGGTTCCTGGACAGATACATCTATAACCAGGAGGAGCTCTTGCGCTTCGACAGCGACGTGGGGGAGTTCCGGGCGGTGACGGAGCTGGGGCGGCCTACCGCCGAGAACTGGAACAGTCGGCAGGACGTCCTGGAGCAGGCGCGGGCCGCGGTGGACAACTACTGCAGACACAACTACGGGGTTGTGGAGAGCTTCACAGTGCAGCGGCGAGGTGAAAGCTTGC,ASSVPPARFLWQAKRECHFFNGTERVRFLDRYIYNQEELLRFDSDVGEFRAVTELGRPTAENWNSRQDVLEQARAAVDNYCRHNYGVVESFTVQRRGESL,12,TTGTGGCAGGCTAAACGTGAGTGTCATTTCTTCAACGGGACGGAGCGGGTGCGGTTCCTGGACAGATACATCTATAACCAGGAGGAGCTCTTGCGCTTCGACAGCGACGTGGGGGAGTTCCGGGCGGTGACGGAGCTGGGGCGGCCTACCGCCGAGAACTGGAACAGTCGGCAGGACGTCCTGGAGCAGGCGCGGGCCGCGGTGGACAACTACTGCAGACACAACTACGGGGTTGTGGAGAGCTTCACAGTGCAGCGGCGAG,LWQAKRECHFFNGTERVRFLDRYIYNQEELLRFDSDVGEFRAVTELGRPTAENWNSRQDVLEQARAAVDNYCRHNYGVVESFTVQRR,4,14420,Paan-DRB*W028:01,4,drb
GCCTCGAGTGTCCCCCCAGCACGTTTCTTGTGGCAGGCTAAACGTGAGTGTCATTTCTTCAACGGGACGGAGCGGGTGCGGTTCCTGGACAGATACATCTATAACCAGGAGGAGCTCTTGCGCTTCGACAGCGACGTGGGGGAGTTCCGGGCGGTGACGGAGCTGGGGCGGCCTACCGCCGAGAACTGGAACAGTCGGCAGGACGTCCTGGAGCAGGCGCGGGCCGCGGTGGACAACTACTGCAGACACAACTACGGGGTTGTGGAGAGCTTCACAGTGCAGCGGCGAGGTGAAAGCTTGC,ASSVPPARFLWQAKRECHFFNGTERVRFLDRYIYNQEELLRFDSDVGEFRAVTELGRPTAENWNSRQDVLEQARAAVDNYCRHNYGVVESFTVQRRGESL,12,TTGTGGCAGGCTAAACGTGAGTGTCATTTCTTCAACGGGACGGAGCGGGTGCGGTTCCTGGACAGATACATCTATAACCAGGAGGAGCTCTTGCGCTTCGACAGCGACGTGGGGGAGTTCCGGGCGGTGACGGAGCTGGGGCGGCCTACCGCCGAGAACTGGAACAGTCGGCAGGACGTCCTGGAGCAGGCGCGGGCCGCGGTGGACAACTACTGCAGACACAACTACGGGGTTGTGGAGAGCTTCACAGTGCAGCGGCGAG,LWQAKRECHFFNGTERVRFLDRYIYNQEELLRFDSDVGEFRAVTELGRPTAENWNSRQDVLEQARAAVDNYCRHNYGVVESFTVQRR,3,14303,Paan-DRB*W028:01,5,drb
GCCTCGAGTGTCCCCCCAGCACGTTTCTTGTGGCAGGCTAAACGTGAGTGTCATTTCTTCAACGGGACGGAGCGGGTGCGGTTCCTGGACAGATACATCTATAACCAGGAGGAGCTCTTGCGCTTCGACAGCGACGTGGGGGAGTTCCGGGCGGTGACGGAGCTGGGGCGGCCTACCGCCGAGAACTGGAACAGTCGGCAGGACGTCCTGGAGCAGGCGCGGGCCGCGGTGGACAACTACTGCAGACACAACTACGGGGTTGTGGAGAGCTTCACAGTGCAGCGGCGAGGTGAAAGCTTGC,ASSVPPARFLWQAKRECHFFNGTERVRFLDRYIYNQEELLRFDSDVGEFRAVTELGRPTAENWNSRQDVLEQARAAVDNYCRHNYGVVESFTVQRRGESL,12,TTGTGGCAGGCTAAACGTGAGTGTCATTTCTTCAACGGGACGGAGCGGGTGCGGTTCCTGGACAGATACATCTATAACCAGGAGGAGCTCTTGCGCTTCGACAGCGACGTGGGGGAGTTCCGGGCGGTGACGGAGCTGGGGCGGCCTACCGCCGAGAACTGGAACAGTCGGCAGGACGTCCTGGAGCAGGCGCGGGCCGCGGTGGACAACTACTGCAGACACAACTACGGGGTTGTGGAGAGCTTCACAGTGCAGCGGCGAG,LWQAKRECHFFNGTERVRFLDRYIYNQEELLRFDSDVGEFRAVTELGRPTAENWNSRQDVLEQARAAVDNYCRHNYGVVESFTVQRR,6,4750,Paan-DRB*W028:01,12,drb
GCCTCGAGTGTCCCCCCAGCACGTTTCTTGAAGCAGGAAAAGTTTGAGTGTCATTTCTTCAACGGGACGGAGCGGGTGCGGTTGCTGCACAGATACATCTATAACCAAGAGGAGGACGTGCGCTTCGACAGCGACGTGGGGGAGTACCGGGCGGTGACGGAGCTGGGGCGGCCTGACGCCGAGTACTGGAACAGTCAGAAGGACCTCCTGGAGCAGAGGCGGGCCGCGGTGGACACCTACTGCAGACACAACTATGGGGTTGTGGAGAGCTTCATAGTGCAGCGGCGAGGTGAAAGCTTGC,ASSVPPARFLKQEKFECHFFNGTERVRLLHRYIYNQEEDVRFDSDVGEYRAVTELGRPDAEYWNSQKDLLEQRRAAVDTYCRHNYGVVESFIVQRRGESL,13,TTGAAGCAGGAAAAGTTTGAGTGTCATTTCTTCAACGGGACGGAGCGGGTGCGGTTGCTGCACAGATACATCTATAACCAAGAGGAGGACGTGCGCTTCGACAGCGACGTGGGGGAGTACCGGGCGGTGACGGAGCTGGGGCGGCCTGACGCCGAGTACTGGAACAGTCAGAAGGACCTCCTGGAGCAGAGGCGGGCCGCGGTGGACACCTACTGCAGACACAACTATGGGGTTGTGGAGAGCTTCATAGTGCAGCGGCGAG,LKQEKFECHFFNGTERVRLLHRYIYNQEEDVRFDSDVGEYRAVTELGRPDAEYWNSQKDLLEQRRAAVDTYCRHNYGVVESFIVQRR,5,6597,Paan-DRB5*03:03,4,drb
GCCTCGAGTGTCCCCCCAGCACGTTTCTTGAAGCAGGAAAAGTTTGAGTGTCATTTCTTCAACGGGACGGAGCGGGTGCGGTTGCTGCACAGATACATCTATAACCAAGAGGAGGACGTGCGCTTCGACAGCGACGTGGGGGAGTACCGGGCGGTGACGGAGCTGGGGCGGCCTGACGCCGAGTACTGGAACAGTCAGAAGGACCTCCTGGAGCAGAGGCGGGCCGCGGTGGACACCTACTGCAGACACAACTATGGGGTTGTGGAGAGCTTCATAGTGCAGCGGCGAGGTGAAAGCTTGC,ASSVPPARFLKQEKFECHFFNGTERVRLLHRYIYNQEEDVRFDSDVGEYRAVTELGRPDAEYWNSQKDLLEQRRAAVDTYCRHNYGVVESFIVQRRGESL,13,TTGAAGCAGGAAAAGTTTGAGTGTCATTTCTTCAACGGGACGGAGCGGGTGCGGTTGCTGCACAGATACATCTATAACCAAGAGGAGGACGTGCGCTTCGACAGCGACGTGGGGGAGTACCGGGCGGTGACGGAGCTGGGGCGGCCTGACGCCGAGTACTGGAACAGTCAGAAGGACCTCCTGGAGCAGAGGCGGGCCGCGGTGGACACCTACTGCAGACACAACTATGGGGTTGTGGAGAGCTTCATAGTGCAGCGGCGAG,LKQEKFECHFFNGTERVRLLHRYIYNQEEDVRFDSDVGEYRAVTELGRPDAEYWNSQKDLLEQRRAAVDTYCRHNYGVVESFIVQRR,5,5872,Paan-DRB5*03:03,11,drb
GCCTCGAGTGTCCCCCCAGCACGTTTCTTGGAGCAGGGTAAGTCTGAGTGTCATTTCTTCAACGGGACGGAGCGGGTGCGGTACCTGCAGAGACACTTCTATAACCAGGAGGAGTTCGTGCGCTTCGACAGCGACGTGGGGGAGTTCCGGGCGGTGACGGAGCTGGGGCGGCCTGTCGCCGAGTCCTGGAACAGCCAGAAGGACTACCTGGAGCAGAGGCGGGCCGCGGTGGACACCTACTGCAGATACAACTACCAGGTTGGTGAGAGCTTCACAGTGCAGCGGCGAGGTGAAAGCTTGC,ASSVPPARFLEQGKSECHFFNGTERVRYLQRHFYNQEEFVRFDSDVGEFRAVTELGRPVAESWNSQKDYLEQRRAAVDTYCRYNYQVGESFTVQRRGESL,14,TTGGAGCAGGGTAAGTCTGAGTGTCATTTCTTCAACGGGACGGAGCGGGTGCGGTACCTGCAGAGACACTTCTATAACCAGGAGGAGTTCGTGCGCTTCGACAGCGACGTGGGGGAGTTCCGGGCGGTGACGGAGCTGGGGCGGCCTGTCGCCGAGTCCTGGAACAGCCAGAAGGACTACCTGGAGCAGAGGCGGGCCGCGGTGGACACCTACTGCAGATACAACTACCAGGTTGGTGAGAGCTTCACAGTGCAGCGGCGAG,LEQGKSECHFFNGTERVRYLQRHFYNQEEFVRFDSDVGEFRAVTELGRPVAESWNSQKDYLEQRRAAVDTYCRYNYQVGESFTVQRR,1,36278,Paan-DRB3*04:03,7,drb
GCCTCGAGTGTCCCCCCAGCACGTTTCTTGGAGCAGGGTAAGTCTGAGTGTCATTTCTTCAACGGGACGGAGCGGGTGCGGTACCTGCAGAGACACTTCTATAACCAGGAGGAGTTCGTGCGCTTCGACAGCGACGTGGGGGAGTTCCGGGCGGTGACGGAGCTGGGGCGGCCTGTCGCCGAGTCCTGGAACAGCCAGAAGGACTACCTGGAGCAGAGGCGGGCCGCGGTGGACACCTACTGCAGATACAACTACCAGGTTGGTGAGAGCTTCACAGTGCAGCGGCGAGGTGAAAGCTTGC,ASSVPPARFLEQGKSECHFFNGTERVRYLQRHFYNQEEFVRFDSDVGEFRAVTELGRPVAESWNSQKDYLEQRRAAVDTYCRYNYQVGESFTVQRRGESL,14,TTGGAGCAGGGTAAGTCTGAGTGTCATTTCTTCAACGGGACGGAGCGGGTGCGGTACCTGCAGAGACACTTCTATAACCAGGAGGAGTTCGTGCGCTTCGACAGCGACGTGGGGGAGTTCCGGGCGGTGACGGAGCTGGGGCGGCCTGTCGCCGAGTCCTGGAACAGCCAGAAGGACTACCTGGAGCAGAGGCGGGCCGCGGTGGACACCTACTGCAGATACAACTACCAGGTTGGTGAGAGCTTCACAGTGCAGCGGCGAG,LEQGKSECHFFNGTERVRYLQRHFYNQEEFVRFDSDVGEFRAVTELGRPVAESWNSQKDYLEQRRAAVDTYCRYNYQVGESFTVQRR,1,15888,Paan-DRB3*04:03,10,drb
GCCTCGAGTGTCCCCCCAGCACGTTTCTTGGAGCAGGGTAAGTCTGAGTGTCATTTCTTCAACGGGACGGAGCGGGTGCGGTACCTGCAGAGACACTTCTATAACCAGGAGGAGTTCGTGCGCTTCGACAGCGACGTGGGGGAGTTCCGGGCGGTGACGGAGCTGGGGCGGCCTGTCGCCGAGTCCTGGAACAGCCAGAAGGACTACCTGGAGCAGAGGCGGGCCGCGGTGGACACCTACTGCAGATACAACTACCAGGTTGGTGAGAGCTTCACAGTGCAGCGGCGAGGTGAAAGCTTGC,ASSVPPARFLEQGKSECHFFNGTERVRYLQRHFYNQEEFVRFDSDVGEFRAVTELGRPVAESWNSQKDYLEQRRAAVDTYCRYNYQVGESFTVQRRGESL,14,TTGGAGCAGGGTAAGTCTGAGTGTCATTTCTTCAACGGGACGGAGCGGGTGCGGTACCTGCAGAGACACTTCTATAACCAGGAGGAGTTCGTGCGCTTCGACAGCGACGTGGGGGAGTTCCGGGCGGTGACGGAGCTGGGGCGGCCTGTCGCCGAGTCCTGGAACAGCCAGAAGGACTACCTGGAGCAGAGGCGGGCCGCGGTGGACACCTACTGCAGATACAACTACCAGGTTGGTGAGAGCTTCACAGTGCAGCGGCGAG,LEQGKSECHFFNGTERVRYLQRHFYNQEEFVRFDSDVGEFRAVTELGRPVAESWNSQKDYLEQRRAAVDTYCRYNYQVGESFTVQRR,2,13272,Paan-DRB3*04:03,14,drb
GCCTCGAGTGTCCCCCCAGCACGTTTCTTGGAGCAGGGTAAGTCTGAGTGTCATTTCTTCAACGGGACGGAGCGGGTGCGGTACCTGCAGAGACACTTCTATAACCAGGAGGAGTTCGTGCGCTTCGACAGCGACGTGGGGGAGTTCCGGGCGGTGACGGAGCTGGGGCGGCCTGTCGCCGAGTCCTGGAACAGCCAGAAGGACTACCTGGAGCAGAGGCGGGCCGCGGTGGACACCTACTGCAGATACAACTACCAGGTTGGTGAGAGCTTCACAGTGCAGCGGCGAGGTGAAAGCTTGC,ASSVPPARFLEQGKSECHFFNGTERVRYLQRHFYNQEEFVRFDSDVGEFRAVTELGRPVAESWNSQKDYLEQRRAAVDTYCRYNYQVGESFTVQRRGESL,14,TTGGAGCAGGGTAAGTCTGAGTGTCATTTCTTCAACGGGACGGAGCGGGTGCGGTACCTGCAGAGACACTTCTATAACCAGGAGGAGTTCGTGCGCTTCGACAGCGACGTGGGGGAGTTCCGGGCGGTGACGGAGCTGGGGCGGCCTGTCGCCGAGTCCTGGAACAGCCAGAAGGACTACCTGGAGCAGAGGCGGGCCGCGGTGGACACCTACTGCAGATACAACTACCAGGTTGGTGAGAGCTTCACAGTGCAGCGGCGAG,LEQGKSECHFFNGTERVRYLQRHFYNQEEFVRFDSDVGEFRAVTELGRPVAESWNSQKDYLEQRRAAVDTYCRYNYQVGESFTVQRR,1,19582,Paan-DRB3*04:03,17,drb
GCCTCGAGTGTCCCCCCAGCACGTTTCTTGGAGCAGGGTAAGTCTGAGTGTCATTTCTTCAACGGGACGGAGCGGGTGCGGTACCTGCAGAGACACTTCTATAACCAGGAGGAGTTCGTGCGCTTCGACAGCGACGTGGGGGAGTTCCGGGCGGTGACGGAGCTGGGGCGGCCTGTCGCCGAGTCCTGGAACAGCCAGAAGGACTACCTGGAGCAGAGGCGGGCCGCGGTGGACACCTACTGCAGATACAACTACCAGGTTGGTGAGAGCTTCACAGTGCAGCGGCGAGGTGAAAGCTTGC,ASSVPPARFLEQGKSECHFFNGTERVRYLQRHFYNQEEFVRFDSDVGEFRAVTELGRPVAESWNSQKDYLEQRRAAVDTYCRYNYQVGESFTVQRRGESL,14,TTGGAGCAGGGTAAGTCTGAGTGTCATTTCTTCAACGGGACGGAGCGGGTGCGGTACCTGCAGAGACACTTCTATAACCAGGAGGAGTTCGTGCGCTTCGACAGCGACGTGGGGGAGTTCCGGGCGGTGACGGAGCTGGGGCGGCCTGTCGCCGAGTCCTGGAACAGCCAGAAGGACTACCTGGAGCAGAGGCGGGCCGCGGTGGACACCTACTGCAGATACAACTACCAGGTTGGTGAGAGCTTCACAGTGCAGCGGCGAG,LEQGKSECHFFNGTERVRYLQRHFYNQEEFVRFDSDVGEFRAVTELGRPVAESWNSQKDYLEQRRAAVDTYCRYNYQVGESFTVQRR,1,17940,Paan-DRB3*04:03,18,drb
GCCTCGAGTGTCCCCCCAGCACGTTTCTTGGAGCAGGCTAAACGTGAGTGTCATTTCTTCAACGGGACGGAGCGGGTGCGGTTCCTCGACAGATACTTCCATAACCAGGAGGAGTACGCGCGCTTCGACAGCGACGTGGGGGAGTTCCGGGCGGTGACGGAGCTGGGGCGGCGTAGCGCGGAGTACTTCAACAGCCAGAAGGACTTTCTGGAGCAGGCGCGGACCGCGGTGGACAATTACTGCAGATACAACTACGGGGTTGGTGAGAGCTTCACAGTGCAGCGGCGAGGTGAAAGCTTGC,ASSVPPARFLEQAKRECHFFNGTERVRFLDRYFHNQEEYARFDSDVGEFRAVTELGRRSAEYFNSQKDFLEQARTAVDNYCRYNYGVGESFTVQRRGESL,15,TTGGAGCAGGCTAAACGTGAGTGTCATTTCTTCAACGGGACGGAGCGGGTGCGGTTCCTCGACAGATACTTCCATAACCAGGAGGAGTACGCGCGCTTCGACAGCGACGTGGGGGAGTTCCGGGCGGTGACGGAGCTGGGGCGGCGTAGCGCGGAGTACTTCAACAGCCAGAAGGACTTTCTGGAGCAGGCGCGGACCGCGGTGGACAATTACTGCAGATACAACTACGGGGTTGGTGAGAGCTTCACAGTGCAGCGGCGAG,LEQAKRECHFFNGTERVRFLDRYFHNQEEYARFDSDVGEFRAVTELGRRSAEYFNSQKDFLEQARTAVDNYCRYNYGVGESFTVQRR,2,26131,Paan-DRB*W003:01,7,drb
GCCTCGAGTGTCCCCCCAGCACGTTTCTTGGAGCAGGCTAAACGTGAGTGTCATTTCTTCAACGGGACGGAGCGGGTGCGGTTCCTCGACAGATACTTCCATAACCAGGAGGAGTACGCGCGCTTCGACAGCGACGTGGGGGAGTTCCGGGCGGTGACGGAGCTGGGGCGGCGTAGCGCGGAGTACTTCAACAGCCAGAAGGACTTTCTGGAGCAGGCGCGGACCGCGGTGGACAATTACTGCAGATACAACTACGGGGTTGGTGAGAGCTTCACAGTGCAGCGGCGAGGTGAAAGCTTGC,ASSVPPARFLEQAKRECHFFNGTERVRFLDRYFHNQEEYARFDSDVGEFRAVTELGRRSAEYFNSQKDFLEQARTAVDNYCRYNYGVGESFTVQRRGESL,15,TTGGAGCAGGCTAAACGTGAGTGTCATTTCTTCAACGGGACGGAGCGGGTGCGGTTCCTCGACAGATACTTCCATAACCAGGAGGAGTACGCGCGCTTCGACAGCGACGTGGGGGAGTTCCGGGCGGTGACGGAGCTGGGGCGGCGTAGCGCGGAGTACTTCAACAGCCAGAAGGACTTTCTGGAGCAGGCGCGGACCGCGGTGGACAATTACTGCAGATACAACTACGGGGTTGGTGAGAGCTTCACAGTGCAGCGGCGAG,LEQAKRECHFFNGTERVRFLDRYFHNQEEYARFDSDVGEFRAVTELGRRSAEYFNSQKDFLEQARTAVDNYCRYNYGVGESFTVQRR,5,11109,Paan-DRB*W003:01,10,drb
GCCTCGAGTGTCCCCCCAGCACGTTTCTTGGAGCAGGCTAAACGTGAGTGTCATTTCTTCAACGGGACGGAGCGGGTGCGGTTCCTCGACAGATACTTCCATAACCAGGAGGAGTACGCGCGCTTCGACAGCGACGTGGGGGAGTTCCGGGCGGTGACGGAGCTGGGGCGGCGTAGCGCGGAGTACTTCAACAGCCAGAAGGACTTTCTGGAGCAGGCGCGGACCGCGGTGGACAATTACTGCAGATACAACTACGGGGTTGGTGAGAGCTTCACAGTGCAGCGGCGAGGTGAAAGCTTGC,ASSVPPARFLEQAKRECHFFNGTERVRFLDRYFHNQEEYARFDSDVGEFRAVTELGRRSAEYFNSQKDFLEQARTAVDNYCRYNYGVGESFTVQRRGESL,15,TTGGAGCAGGCTAAACGTGAGTGTCATTTCTTCAACGGGACGGAGCGGGTGCGGTTCCTCGACAGATACTTCCATAACCAGGAGGAGTACGCGCGCTTCGACAGCGACGTGGGGGAGTTCCGGGCGGTGACGGAGCTGGGGCGGCGTAGCGCGGAGTACTTCAACAGCCAGAAGGACTTTCTGGAGCAGGCGCGGACCGCGGTGGACAATTACTGCAGATACAACTACGGGGTTGGTGAGAGCTTCACAGTGCAGCGGCGAG,LEQAKRECHFFNGTERVRFLDRYFHNQEEYARFDSDVGEFRAVTELGRRSAEYFNSQKDFLEQARTAVDNYCRYNYGVGESFTVQRR,4,11282,Paan-DRB*W003:01,14,drb
GCCTCGAGTGTCCCCCCAGCACGTTTCTTGGAGCAGGCTAAACGTGAGTGTCATTTCTTCAACGGGACGGAGCGGGTGCGGTTCCTCGACAGATACTTCCATAACCAGGAGGAGTACGCGCGCTTCGACAGCGACGTGGGGGAGTTCCGGGCGGTGACGGAGCTGGGGCGGCGTAGCGCGGAGTACTTCAACAGCCAGAAGGACTTTCTGGAGCAGGCGCGGACCGCGGTGGACAATTACTGCAGATACAACTACGGGGTTGGTGAGAGCTTCACAGTGCAGCGGCGAGGTGAAAGCTTGC,ASSVPPARFLEQAKRECHFFNGTERVRFLDRYFHNQEEYARFDSDVGEFRAVTELGRRSAEYFNSQKDFLEQARTAVDNYCRYNYGVGESFTVQRRGESL,15,TTGGAGCAGGCTAAACGTGAGTGTCATTTCTTCAACGGGACGGAGCGGGTGCGGTTCCTCGACAGATACTTCCATAACCAGGAGGAGTACGCGCGCTTCGACAGCGACGTGGGGGAGTTCCGGGCGGTGACGGAGCTGGGGCGGCGTAGCGCGGAGTACTTCAACAGCCAGAAGGACTTTCTGGAGCAGGCGCGGACCGCGGTGGACAATTACTGCAGATACAACTACGGGGTTGGTGAGAGCTTCACAGTGCAGCGGCGAG,LEQAKRECHFFNGTERVRFLDRYFHNQEEYARFDSDVGEFRAVTELGRRSAEYFNSQKDFLEQARTAVDNYCRYNYGVGESFTVQRR,5,14522,Paan-DRB*W003:01,17,drb
GCCTCGAGTGTCCCCCCAGCACGTTTCTTGGAGCAGGCTAAACGTGAGTGTCATTTCTTCAACGGGACGGAGCGGGTGCGGTTCCTCGACAGATACTTCCATAACCAGGAGGAGTACGCGCGCTTCGACAGCGACGTGGGGGAGTTCCGGGCGGTGACGGAGCTGGGGCGGCGTAGCGCGGAGTACTTCAACAGCCAGAAGGACTTTCTGGAGCAGGCGCGGACCGCGGTGGACAATTACTGCAGATACAACTACGGGGTTGGTGAGAGCTTCACAGTGCAGCGGCGAGGTGAAAGCTTGC,ASSVPPARFLEQAKRECHFFNGTERVRFLDRYFHNQEEYARFDSDVGEFRAVTELGRRSAEYFNSQKDFLEQARTAVDNYCRYNYGVGESFTVQRRGESL,15,TTGGAGCAGGCTAAACGTGAGTGTCATTTCTTCAACGGGACGGAGCGGGTGCGGTTCCTCGACAGATACTTCCATAACCAGGAGGAGTACGCGCGCTTCGACAGCGACGTGGGGGAGTTCCGGGCGGTGACGGAGCTGGGGCGGCGTAGCGCGGAGTACTTCAACAGCCAGAAGGACTTTCTGGAGCAGGCGCGGACCGCGGTGGACAATTACTGCAGATACAACTACGGGGTTGGTGAGAGCTTCACAGTGCAGCGGCGAG,LEQAKRECHFFNGTERVRFLDRYFHNQEEYARFDSDVGEFRAVTELGRRSAEYFNSQKDFLEQARTAVDNYCRYNYGVGESFTVQRR,5,13465,Paan-DRB*W003:01,18,drb
GCCTCGAGTGTCCCCCCAGCACGTTTCTTGAAGCAGGATAAGTATGAGTGTCATTTCTTCAACGGGACGGAGCGGGTGCGGTTGCTGCACAGAGACATCTACAACCAAGAGGAGGACGCGCGTTTCGACAGCGACGTCGGGGAGTACCGGGCGGTGACGGAGCTGGGGCGGCCTGTCGCCGAGTACTTGAACAGCCAGAAGGACGTCCTGGAGCAGAGGCGGGCCGAGGTGGACACTGTGTGCAGACACAACTACAGGGGTGTGGAGAGCTTCACAGTGCAGCGGCGAGGTGAAAGCTTGC,ASSVPPARFLKQDKYECHFFNGTERVRLLHRDIYNQEEDARFDSDVGEYRAVTELGRPVAEYLNSQKDVLEQRRAEVDTVCRHNYRGVESFTVQRRGESL,16,TTGAAGCAGGATAAGTATGAGTGTCATTTCTTCAACGGGACGGAGCGGGTGCGGTTGCTGCACAGAGACATCTACAACCAAGAGGAGGACGCGCGTTTCGACAGCGACGTCGGGGAGTACCGGGCGGTGACGGAGCTGGGGCGGCCTGTCGCCGAGTACTTGAACAGCCAGAAGGACGTCCTGGAGCAGAGGCGGGCCGAGGTGGACACTGTGTGCAGACACAACTACAGGGGTGTGGAGAGCTTCACAGTGCAGCGGCGAG,LKQDKYECHFFNGTERVRLLHRDIYNQEEDARFDSDVGEYRAVTELGRPVAEYLNSQKDVLEQRRAEVDTVCRHNYRGVESFTVQRR,3,12099,Paan-DRB5*03:02,7,drb
GCCTCGAGTGTCCCCCCAGCACGTTTCTTGAAGCAGGATAAGTATGAGTGTCATTTCTTCAACGGGACGGAGCGGGTGCGGTTGCTGCACAGAGACATCTACAACCAAGAGGAGGACGCGCGTTTCGACAGCGACGTCGGGGAGTACCGGGCGGTGACGGAGCTGGGGCGGCCTGTCGCCGAGTACTTGAACAGCCAGAAGGACGTCCTGGAGCAGAGGCGGGCCGAGGTGGACACTGTGTGCAGACACAACTACAGGGGTGTGGAGAGCTTCACAGTGCAGCGGCGAGGTGAAAGCTTGC,ASSVPPARFLKQDKYECHFFNGTERVRLLHRDIYNQEEDARFDSDVGEYRAVTELGRPVAEYLNSQKDVLEQRRAEVDTVCRHNYRGVESFTVQRRGESL,16,TTGAAGCAGGATAAGTATGAGTGTCATTTCTTCAACGGGACGGAGCGGGTGCGGTTGCTGCACAGAGACATCTACAACCAAGAGGAGGACGCGCGTTTCGACAGCGACGTCGGGGAGTACCGGGCGGTGACGGAGCTGGGGCGGCCTGTCGCCGAGTACTTGAACAGCCAGAAGGACGTCCTGGAGCAGAGGCGGGCCGAGGTGGACACTGTGTGCAGACACAACTACAGGGGTGTGGAGAGCTTCACAGTGCAGCGGCGAG,LKQDKYECHFFNGTERVRLLHRDIYNQEEDARFDSDVGEYRAVTELGRPVAEYLNSQKDVLEQRRAEVDTVCRHNYRGVESFTVQRR,6,4145,Paan-DRB5*03:02,10,drb
GCCTCGAGTGTCCCCCCAGCACGTTTCTTGAAGCAGGATAAGTATGAGTGTCATTTCTTCAACGGGACGGAGCGGGTGCGGTTGCTGCACAGAGACATCTACAACCAAGAGGAGGACGCGCGTTTCGACAGCGACGTCGGGGAGTACCGGGCGGTGACGGAGCTGGGGCGGCCTGTCGCCGAGTACTTGAACAGCCAGAAGGACGTCCTGGAGCAGAGGCGGGCCGAGGTGGACACTGTGTGCAGACACAACTACAGGGGTGTGGAGAGCTTCACAGTGCAGCGGCGAGGTGAAAGCTTGC,ASSVPPARFLKQDKYECHFFNGTERVRLLHRDIYNQEEDARFDSDVGEYRAVTELGRPVAEYLNSQKDVLEQRRAEVDTVCRHNYRGVESFTVQRRGESL,16,TTGAAGCAGGATAAGTATGAGTGTCATTTCTTCAACGGGACGGAGCGGGTGCGGTTGCTGCACAGAGACATCTACAACCAAGAGGAGGACGCGCGTTTCGACAGCGACGTCGGGGAGTACCGGGCGGTGACGGAGCTGGGGCGGCCTGTCGCCGAGTACTTGAACAGCCAGAAGGACGTCCTGGAGCAGAGGCGGGCCGAGGTGGACACTGTGTGCAGACACAACTACAGGGGTGTGGAGAGCTTCACAGTGCAGCGGCGAG,LKQDKYECHFFNGTERVRLLHRDIYNQEEDARFDSDVGEYRAVTELGRPVAEYLNSQKDVLEQRRAEVDTVCRHNYRGVESFTVQRR,6,4367,Paan-DRB5*03:02,14,drb
GCCTCGAGTGTCCCCCCAGCACGTTTCTTGAAGCAGGATAAGTATGAGTGTCATTTCTTCAACGGGACGGAGCGGGTGCGGTTGCTGCACAGAGACATCTACAACCAAGAGGAGGACGCGCGTTTCGACAGCGACGTCGGGGAGTACCGGGCGGTGACGGAGCTGGGGCGGCCTGTCGCCGAGTACTTGAACAGCCAGAAGGACGTCCTGGAGCAGAGGCGGGCCGAGGTGGACACTGTGTGCAGACACAACTACAGGGGTGTGGAGAGCTTCACAGTGCAGCGGCGAGGTGAAAGCTTGC,ASSVPPARFLKQDKYECHFFNGTERVRLLHRDIYNQEEDARFDSDVGEYRAVTELGRPVAEYLNSQKDVLEQRRAEVDTVCRHNYRGVESFTVQRRGESL,16,TTGAAGCAGGATAAGTATGAGTGTCATTTCTTCAACGGGACGGAGCGGGTGCGGTTGCTGCACAGAGACATCTACAACCAAGAGGAGGACGCGCGTTTCGACAGCGACGTCGGGGAGTACCGGGCGGTGACGGAGCTGGGGCGGCCTGTCGCCGAGTACTTGAACAGCCAGAAGGACGTCCTGGAGCAGAGGCGGGCCGAGGTGGACACTGTGTGCAGACACAACTACAGGGGTGTGGAGAGCTTCACAGTGCAGCGGCGAG,LKQDKYECHFFNGTERVRLLHRDIYNQEEDARFDSDVGEYRAVTELGRPVAEYLNSQKDVLEQRRAEVDTVCRHNYRGVESFTVQRR,6,6512,Paan-DRB5*03:02,17,drb
GCCTCGAGTGTCCCCCCAGCACGTTTCTTGAAGCAGGATAAGTATGAGTGTCATTTCTTCAACGGGACGGAGCGGGTGCGGTTGCTGCACAGAGACATCTACAACCAAGAGGAGGACGCGCGTTTCGACAGCGACGTCGGGGAGTACCGGGCGGTGACGGAGCTGGGGCGGCCTGTCGCCGAGTACTTGAACAGCCAGAAGGACGTCCTGGAGCAGAGGCGGGCCGAGGTGGACACTGTGTGCAGACACAACTACAGGGGTGTGGAGAGCTTCACAGTGCAGCGGCGAGGTGAAAGCTTGC,ASSVPPARFLKQDKYECHFFNGTERVRLLHRDIYNQEEDARFDSDVGEYRAVTELGRPVAEYLNSQKDVLEQRRAEVDTVCRHNYRGVESFTVQRRGESL,16,TTGAAGCAGGATAAGTATGAGTGTCATTTCTTCAACGGGACGGAGCGGGTGCGGTTGCTGCACAGAGACATCTACAACCAAGAGGAGGACGCGCGTTTCGACAGCGACGTCGGGGAGTACCGGGCGGTGACGGAGCTGGGGCGGCCTGTCGCCGAGTACTTGAACAGCCAGAAGGACGTCCTGGAGCAGAGGCGGGCCGAGGTGGACACTGTGTGCAGACACAACTACAGGGGTGTGGAGAGCTTCACAGTGCAGCGGCGAG,LKQDKYECHFFNGTERVRLLHRDIYNQEEDARFDSDVGEYRAVTELGRPVAEYLNSQKDVLEQRRAEVDTVCRHNYRGVESFTVQRR,6,5398,Paan-DRB5*03:02,18,drb
GCCTCGAGTGTCCCCCCAGCACGTTTCTTGAAGCAGACTAAGGCTGAGTGTCACTTCTTCAATGGGACGGAGCGGGTGCGGTTGCTGGACAGACACTTCTATAACCAGGAGGAGTATGTGCGCTATGACAGCTACGTCGGGGAGTACCGGGCGGTGACGGAGCTGGGGCGGCGTAGCGCCGAGTACTTCAACAGCCAAAAGGACTACCTGGAGCAGAGGCGGGCCGCGGTGGACACCTACTGCAGACACAACTACAGGGTTGGTGAGAGCTTCACAGTGCAGCGGCGAGGTGAAAGCTTGC,ASSVPPARFLKQTKAECHFFNGTERVRLLDRHFYNQEEYVRYDSYVGEYRAVTELGRRSAEYFNSQKDYLEQRRAAVDTYCRHNYRVGESFTVQRRGESL,17,TTGAAGCAGACTAAGGCTGAGTGTCACTTCTTCAATGGGACGGAGCGGGTGCGGTTGCTGGACAGACACTTCTATAACCAGGAGGAGTATGTGCGCTATGACAGCTACGTCGGGGAGTACCGGGCGGTGACGGAGCTGGGGCGGCGTAGCGCCGAGTACTTCAACAGCCAAAAGGACTACCTGGAGCAGAGGCGGGCCGCGGTGGACACCTACTGCAGACACAACTACAGGGTTGGTGAGAGCTTCACAGTGCAGCGGCGAG,LKQTKAECHFFNGTERVRLLDRHFYNQEEYVRYDSYVGEYRAVTELGRRSAEYFNSQKDYLEQRRAAVDTYCRHNYRVGESFTVQRR,2,14890,Paan-DRB*W006:02,10,drb
GCCTCGAGTGTCCCCCCAGCACGTTTCTTGAAGCAGACTAAGGCTGAGTGTCACTTCTTCAATGGGACGGAGCGGGTGCGGTTGCTGGACAGACACTTCTATAACCAGGAGGAGTATGTGCGCTATGACAGCTACGTCGGGGAGTACCGGGCGGTGACGGAGCTGGGGCGGCGTAGCGCCGAGTACTTCAACAGCCAAAAGGACTACCTGGAGCAGAGGCGGGCCGCGGTGGACACCTACTGCAGACACAACTACAGGGTTGGTGAGAGCTTCACAGTGCAGCGGCGAGGTGAAAGCTTGC,ASSVPPARFLKQTKAECHFFNGTERVRLLDRHFYNQEEYVRYDSYVGEYRAVTELGRRSAEYFNSQKDYLEQRRAAVDTYCRHNYRVGESFTVQRRGESL,17,TTGAAGCAGACTAAGGCTGAGTGTCACTTCTTCAATGGGACGGAGCGGGTGCGGTTGCTGGACAGACACTTCTATAACCAGGAGGAGTATGTGCGCTATGACAGCTACGTCGGGGAGTACCGGGCGGTGACGGAGCTGGGGCGGCGTAGCGCCGAGTACTTCAACAGCCAAAAGGACTACCTGGAGCAGAGGCGGGCCGCGGTGGACACCTACTGCAGACACAACTACAGGGTTGGTGAGAGCTTCACAGTGCAGCGGCGAG,LKQTKAECHFFNGTERVRLLDRHFYNQEEYVRYDSYVGEYRAVTELGRRSAEYFNSQKDYLEQRRAAVDTYCRHNYRVGESFTVQRR,2,17979,Paan-DRB*W006:02,17,drb
GCCTCGAGTGTCCCCCCAGCACGTTTCTTAGAGTACTGTAAGTTTGAGTGTCATTTCTTCAACGGGACGGAGCGGGTGCTGAACCTGATCAGATACTTCTATAACCAAGAGGAGTACGTGCGCTACGACAGCGACGTGGGGGAGTACCGGGCGGTGACGGAGCTGGGGCGGCCTGACGCCGAGTACTGGAACAGCCAGAAGGACCTCCTGGAGCAGAGGCGGGCCGAGGTGGACACCTACTGCAGACACAACTACGGGGTTGTGGAGAGCTTCACAGTGCAGCGGCGAGGTGAAAGCTTGC,ASSVPPARFLEYCKFECHFFNGTERVLNLIRYFYNQEEYVRYDSDVGEYRAVTELGRPDAEYWNSQKDLLEQRRAEVDTYCRHNYGVVESFTVQRRGESL,18,TTAGAGTACTGTAAGTTTGAGTGTCATTTCTTCAACGGGACGGAGCGGGTGCTGAACCTGATCAGATACTTCTATAACCAAGAGGAGTACGTGCGCTACGACAGCGACGTGGGGGAGTACCGGGCGGTGACGGAGCTGGGGCGGCCTGACGCCGAGTACTGGAACAGCCAGAAGGACCTCCTGGAGCAGAGGCGGGCCGAGGTGGACACCTACTGCAGACACAACTACGGGGTTGTGGAGAGCTTCACAGTGCAGCGGCGAG,LEYCKFECHFFNGTERVLNLIRYFYNQEEYVRYDSDVGEYRAVTELGRPDAEYWNSQKDLLEQRRAEVDTYCRHNYGVVESFTVQRR,3,12628,Paan-DRB*W001:03,10,drb
GCCTCGAGTGTCCCCCCAGCACGTTTCTTAGAGTACTGTAAGTTTGAGTGTCATTTCTTCAACGGGACGGAGCGGGTGCTGAACCTGATCAGATACTTCTATAACCAAGAGGAGTACGTGCGCTACGACAGCGACGTGGGGGAGTACCGGGCGGTGACGGAGCTGGGGCGGCCTGACGCCGAGTACTGGAACAGCCAGAAGGACCTCCTGGAGCAGAGGCGGGCCGAGGTGGACACCTACTGCAGACACAACTACGGGGTTGTGGAGAGCTTCACAGTGCAGCGGCGAGGTGAAAGCTTGC,ASSVPPARFLEYCKFECHFFNGTERVLNLIRYFYNQEEYVRYDSDVGEYRAVTELGRPDAEYWNSQKDLLEQRRAEVDTYCRHNYGVVESFTVQRRGESL,18,TTAGAGTACTGTAAGTTTGAGTGTCATTTCTTCAACGGGACGGAGCGGGTGCTGAACCTGATCAGATACTTCTATAACCAAGAGGAGTACGTGCGCTACGACAGCGACGTGGGGGAGTACCGGGCGGTGACGGAGCTGGGGCGGCCTGACGCCGAGTACTGGAACAGCCAGAAGGACCTCCTGGAGCAGAGGCGGGCCGAGGTGGACACCTACTGCAGACACAACTACGGGGTTGTGGAGAGCTTCACAGTGCAGCGGCGAG,LEYCKFECHFFNGTERVLNLIRYFYNQEEYVRYDSDVGEYRAVTELGRPDAEYWNSQKDLLEQRRAEVDTYCRHNYGVVESFTVQRR,4,17032,Paan-DRB*W001:03,17,drb
GCCTCGAGTGTCCCCCCAGCACGTTTCTTGGAGCAGTTTAAGTCTGAGTGTCACTTCTTCGACGGGACGGAGCGGGTGCGGTACCTGCAGAGACACTTCTATAACCAGGAGGAGTTCGTGCGCTTCGACAGCGACGTGGGGGAGTACCGGGCGGTGACGGAGCTGGGGCGGCCTGCCGCCGAGTACTTGAACAGCCAGAAGGACTACCTGGAGCAGAGGCGGGCCCAGGCGGACAACTACTGCAGACACAACTACGGGGTTTTTGAGAGCTTCACAGTGCAGCGGCGAGGTGAAAGCTTGC,ASSVPPARFLEQFKSECHFFDGTERVRYLQRHFYNQEEFVRFDSDVGEYRAVTELGRPAAEYLNSQKDYLEQRRAQADNYCRHNYGVFESFTVQRRGESL,19,TTGGAGCAGTTTAAGTCTGAGTGTCACTTCTTCGACGGGACGGAGCGGGTGCGGTACCTGCAGAGACACTTCTATAACCAGGAGGAGTTCGTGCGCTTCGACAGCGACGTGGGGGAGTACCGGGCGGTGACGGAGCTGGGGCGGCCTGCCGCCGAGTACTTGAACAGCCAGAAGGACTACCTGGAGCAGAGGCGGGCCCAGGCGGACAACTACTGCAGACACAACTACGGGGTTTTTGAGAGCTTCACAGTGCAGCGGCGAG,LEQFKSECHFFDGTERVRYLQRHFYNQEEFVRFDSDVGEYRAVTELGRPAAEYLNSQKDYLEQRRAQADNYCRHNYGVFESFTVQRR,4,11618,Paan-DRB*W056:02,10,drb
GCCTCGAGTGTCCCCCCAGCACGTTTCTTGGAGCAGTTTAAGTCTGAGTGTCACTTCTTCGACGGGACGGAGCGGGTGCGGTACCTGCAGAGACACTTCTATAACCAGGAGGAGTTCGTGCGCTTCGACAGCGACGTGGGGGAGTACCGGGCGGTGACGGAGCTGGGGCGGCCTGCCGCCGAGTACTTGAACAGCCAGAAGGACTACCTGGAGCAGAGGCGGGCCCAGGCGGACAACTACTGCAGACACAACTACGGGGTTTTTGAGAGCTTCACAGTGCAGCGGCGAGGTGAAAGCTTGC,ASSVPPARFLEQFKSECHFFDGTERVRYLQRHFYNQEEFVRFDSDVGEYRAVTELGRPAAEYLNSQKDYLEQRRAQADNYCRHNYGVFESFTVQRRGESL,19,TTGGAGCAGTTTAAGTCTGAGTGTCACTTCTTCGACGGGACGGAGCGGGTGCGGTACCTGCAGAGACACTTCTATAACCAGGAGGAGTTCGTGCGCTTCGACAGCGACGTGGGGGAGTACCGGGCGGTGACGGAGCTGGGGCGGCCTGCCGCCGAGTACTTGAACAGCCAGAAGGACTACCTGGAGCAGAGGCGGGCCCAGGCGGACAACTACTGCAGACACAACTACGGGGTTTTTGAGAGCTTCACAGTGCAGCGGCGAG,LEQFKSECHFFDGTERVRYLQRHFYNQEEFVRFDSDVGEYRAVTELGRPAAEYLNSQKDYLEQRRAQADNYCRHNYGVFESFTVQRR,3,17520,Paan-DRB*W056:02,17,drb
GCCTCGAGTGTCCCCCCAGCACGTTTCTTGGAGTACTCTACATCTGAGTGTCACTTCTTCAACGGGACGGAGCGGGTGCGGTTCCTGGACAGATACTTCTATAACCAGGAGGAGTACGTGCGCTTCGACAGCGACGTGGGGGAGTTCCGGGCGGTGTCGGAGCTGGGGCGGCGTAGCGCGGAGTACTGGAACAGCCGGAAGGACTACCTGGAAGACGAGCGGGCCGCGGTGGACACCTACTGCAGATACAACTACGGGGTTGTGGAGAGCTTCACAGTGCAGCGGCGAGGTGAAAGCTTGC,ASSVPPARFLEYSTSECHFFNGTERVRFLDRYFYNQEEYVRFDSDVGEFRAVSELGRRSAEYWNSRKDYLEDERAAVDTYCRYNYGVVESFTVQRRGESL,20,TTGGAGTACTCTACATCTGAGTGTCACTTCTTCAACGGGACGGAGCGGGTGCGGTTCCTGGACAGATACTTCTATAACCAGGAGGAGTACGTGCGCTTCGACAGCGACGTGGGGGAGTTCCGGGCGGTGTCGGAGCTGGGGCGGCGTAGCGCGGAGTACTGGAACAGCCGGAAGGACTACCTGGAAGACGAGCGGGCCGCGGTGGACACCTACTGCAGATACAACTACGGGGTTGTGGAGAGCTTCACAGTGCAGCGGCGAG,LEYSTSECHFFNGTERVRFLDRYFYNQEEYVRFDSDVGEFRAVSELGRRSAEYWNSRKDYLEDERAAVDTYCRYNYGVVESFTVQRR,2,8658,Paan-DRB1*03:03,16,drb
GCCTCGAGTGTCCCCCCAGCACGTTTCTTGGAGTACTCTACATCTGAGTGTCACTTCTTCAACGGGACGGAGCGGGTGCGGTTCCTGGACAGATACTTCTATAACCAGGAGGAGTACGTGCGCTTCGACAGCGACGTGGGGGAGTTCCGGGCGGTGTCGGAGCTGGGGCGGCGTAGCGCGGAGTACTGGAACAGCCGGAAGGACTACCTGGAAGACGAGCGGGCCGCGGTGGACACCTACTGCAGATACAACTACGGGGTTGTGGAGAGCTTCACAGTGCAGCGGCGAGGTGAAAGCTTGC,ASSVPPARFLEYSTSECHFFNGTERVRFLDRYFYNQEEYVRFDSDVGEFRAVSELGRRSAEYWNSRKDYLEDERAAVDTYCRYNYGVVESFTVQRRGESL,20,TTGGAGTACTCTACATCTGAGTGTCACTTCTTCAACGGGACGGAGCGGGTGCGGTTCCTGGACAGATACTTCTATAACCAGGAGGAGTACGTGCGCTTCGACAGCGACGTGGGGGAGTTCCGGGCGGTGTCGGAGCTGGGGCGGCGTAGCGCGGAGTACTGGAACAGCCGGAAGGACTACCTGGAAGACGAGCGGGCCGCGGTGGACACCTACTGCAGATACAACTACGGGGTTGTGGAGAGCTTCACAGTGCAGCGGCGAG,LEYSTSECHFFNGTERVRFLDRYFYNQEEYVRFDSDVGEFRAVSELGRRSAEYWNSRKDYLEDERAAVDTYCRYNYGVVESFTVQRR,3,14806,Paan-DRB1*03:03,21,drb
GCCTCGAGTGTCCCCCCAGCACGTTTCTTGCAGCAGCAAAAGGCTGAGTGTCGTTTCTTCAACGGGACGGAGCGGGTGCGGTTCCTGGAGAGATACATCTATAACCAGGAGGAGTACGTGCGCTTCGACAGCGACGTCGGGGAGTACCGGGCGGTGACGGAGCTGGGGCGGCGTAGCGCCGAGTACTGGAACAGCCAGAAGGACGCCCTGGAGGAGAAGCGGGCCCGGGTGGACACCTACTGCAGACACAACTACCGGGTTGGTGAGAGCTTCACAGTGCAGCGGCGAGGTGAAAGCTTGC,ASSVPPARFLQQQKAECRFFNGTERVRFLERYIYNQEEYVRFDSDVGEYRAVTELGRRSAEYWNSQKDALEEKRARVDTYCRHNYRVGESFTVQRRGESL,21,TTGCAGCAGCAAAAGGCTGAGTGTCGTTTCTTCAACGGGACGGAGCGGGTGCGGTTCCTGGAGAGATACATCTATAACCAGGAGGAGTACGTGCGCTTCGACAGCGACGTCGGGGAGTACCGGGCGGTGACGGAGCTGGGGCGGCGTAGCGCCGAGTACTGGAACAGCCAGAAGGACGCCCTGGAGGAGAAGCGGGCCCGGGTGGACACCTACTGCAGACACAACTACCGGGTTGGTGAGAGCTTCACAGTGCAGCGGCGAG,LQQQKAECRFFNGTERVRFLERYIYNQEEYVRFDSDVGEYRAVTELGRRSAEYWNSQKDALEEKRARVDTYCRHNYRVGESFTVQRR,5,6986,Paan-DRB*W007:01,16,drb
GCCTCGAGTGTCCCCCCAGCACGTTTCTTGCAGCAGCAAAAGGCTGAGTGTCGTTTCTTCAACGGGACGGAGCGGGTGCGGTTCCTGGAGAGATACATCTATAACCAGGAGGAGTACGTGCGCTTCGACAGCGACGTCGGGGAGTACCGGGCGGTGACGGAGCTGGGGCGGCGTAGCGCCGAGTACTGGAACAGCCAGAAGGACGCCCTGGAGGAGAAGCGGGCCCGGGTGGACACCTACTGCAGACACAACTACCGGGTTGGTGAGAGCTTCACAGTGCAGCGGCGAGGTGAAAGCTTGC,ASSVPPARFLQQQKAECRFFNGTERVRFLERYIYNQEEYVRFDSDVGEYRAVTELGRRSAEYWNSQKDALEEKRARVDTYCRHNYRVGESFTVQRRGESL,21,TTGCAGCAGCAAAAGGCTGAGTGTCGTTTCTTCAACGGGACGGAGCGGGTGCGGTTCCTGGAGAGATACATCTATAACCAGGAGGAGTACGTGCGCTTCGACAGCGACGTCGGGGAGTACCGGGCGGTGACGGAGCTGGGGCGGCGTAGCGCCGAGTACTGGAACAGCCAGAAGGACGCCCTGGAGGAGAAGCGGGCCCGGGTGGACACCTACTGCAGACACAACTACCGGGTTGGTGAGAGCTTCACAGTGCAGCGGCGAG,LQQQKAECRFFNGTERVRFLERYIYNQEEYVRFDSDVGEYRAVTELGRRSAEYWNSQKDALEEKRARVDTYCRHNYRVGESFTVQRR,4,13218,Paan-DRB*W007:01,21,drb
GCCTCGAGTGTCCCCCCAGCACGTTTCTTGAAGCAGACTAAGGCTGAGTGTCATTTCTTCAATGGGACGGAGCGGGTGCGGTTGCTGGACAGACACTTCTATAACCAGGAGGAGTATGTGCGCTATGACAGCTACGTCGGGGAGTACCGGGCGGTGACGGAGCTGGGGCGGCGTAGCGCCGAGTACTTCAACAGCCAAAAGGACTACCTGGAGCGGACGCGGGCCGAGGTGGACACCTACTGCAGACACAACTACAGGGTTGTTGAGAGCTTCACAGTGCAGCGGCGAGGTGAAAGCTTGC,ASSVPPARFLKQTKAECHFFNGTERVRLLDRHFYNQEEYVRYDSYVGEYRAVTELGRRSAEYFNSQKDYLERTRAEVDTYCRHNYRVVESFTVQRRGESL,22,TTGAAGCAGACTAAGGCTGAGTGTCATTTCTTCAATGGGACGGAGCGGGTGCGGTTGCTGGACAGACACTTCTATAACCAGGAGGAGTATGTGCGCTATGACAGCTACGTCGGGGAGTACCGGGCGGTGACGGAGCTGGGGCGGCGTAGCGCCGAGTACTTCAACAGCCAAAAGGACTACCTGGAGCGGACGCGGGCCGAGGTGGACACCTACTGCAGACACAACTACAGGGTTGTTGAGAGCTTCACAGTGCAGCGGCGAG,LKQTKAECHFFNGTERVRLLDRHFYNQEEYVRYDSYVGEYRAVTELGRRSAEYFNSQKDYLERTRAEVDTYCRHNYRVVESFTVQRR,6,6643,Paan-DRB*W006:01,16,drb
GCCTCGAGTGTCCCCCCAGCACGTTTCTTGAAGCAGACTAAGGCTGAGTGTCATTTCTTCAATGGGACGGAGCGGGTGCGGTTGCTGGACAGACACTTCTATAACCAGGAGGAGTATGTGCGCTATGACAGCTACGTCGGGGAGTACCGGGCGGTGACGGAGCTGGGGCGGCGTAGCGCCGAGTACTTCAACAGCCAAAAGGACTACCTGGAGCGGACGCGGGCCGAGGTGGACACCTACTGCAGACACAACTACAGGGTTGTTGAGAGCTTCACAGTGCAGCGGCGAGGTGAAAGCTTGC,ASSVPPARFLKQTKAECHFFNGTERVRLLDRHFYNQEEYVRYDSYVGEYRAVTELGRRSAEYFNSQKDYLERTRAEVDTYCRHNYRVVESFTVQRRGESL,22,TTGAAGCAGACTAAGGCTGAGTGTCATTTCTTCAATGGGACGGAGCGGGTGCGGTTGCTGGACAGACACTTCTATAACCAGGAGGAGTATGTGCGCTATGACAGCTACGTCGGGGAGTACCGGGCGGTGACGGAGCTGGGGCGGCGTAGCGCCGAGTACTTCAACAGCCAAAAGGACTACCTGGAGCGGACGCGGGCCGAGGTGGACACCTACTGCAGACACAACTACAGGGTTGTTGAGAGCTTCACAGTGCAGCGGCGAG,LKQTKAECHFFNGTERVRLLDRHFYNQEEYVRYDSYVGEYRAVTELGRRSAEYFNSQKDYLERTRAEVDTYCRHNYRVVESFTVQRR,1,17541,Paan-DRB*W006:01,21,drb
GCCTCGAGTGTCCCCCCAGCACGTTTCTTGTGGCAGTCTAAGGCTAAATGTCACTTCTTCAACGGGACGGAGCGGGTGCGGTACCTGGAGAGACACATCTATAACCAGGAGGAGCTCATGCGCTTCGACAGCGACGTGGGGGAGTACCGGGCGGTGTCGGAGCTGGGGCGGCCTGCCGCCGAGTACTGGAACAGCCTGAAGGACTACCTGGAGCAGAAGCGGGCCGCGGTGGACACCTACTGCAGACACAACTACGGGGTTGTGGAGAGCTTCACAGTGCAGCGGCGAGGTGAAAGCTTGC,ASSVPPARFLWQSKAKCHFFNGTERVRYLERHIYNQEELMRFDSDVGEYRAVSELGRPAAEYWNSLKDYLEQKRAAVDTYCRHNYGVVESFTVQRRGESL,23,TTGTGGCAGTCTAAGGCTAAATGTCACTTCTTCAACGGGACGGAGCGGGTGCGGTACCTGGAGAGACACATCTATAACCAGGAGGAGCTCATGCGCTTCGACAGCGACGTGGGGGAGTACCGGGCGGTGTCGGAGCTGGGGCGGCCTGCCGCCGAGTACTGGAACAGCCTGAAGGACTACCTGGAGCAGAAGCGGGCCGCGGTGGACACCTACTGCAGACACAACTACGGGGTTGTGGAGAGCTTCACAGTGCAGCGGCGAG,LWQSKAKCHFFNGTERVRYLERHIYNQEELMRFDSDVGEYRAVSELGRPAAEYWNSLKDYLEQKRAAVDTYCRHNYGVVESFTVQRR,2,17785,Paan-DRB1*07:01,19,drb
GCCTCGAGTGTCCCCCCAGCACGTTTCTTGGAGCACGTTAAGTCTGAGTGTCATTTCTTCAACGGGACGGAGCGGGTGCGGTTCCTGGAGAGACACTTCTATAACCAGGAGGAGAACCTGCGCTTCGACAGCGACGTGGGGGAGTACCGGGCGGTGACGGAGCTGGGGCGGCCTGAAGCCGAGTCCTGGAACAGCCAGAAGGACATCCTGGAGGAGAAGCGGGCCCGGGTGGACAATTACTGCAGACATAACTACCGGGTTGGTGAGAGCTTCACAGTGCAGCGGCGAGGTGAAAGCTTGC,ASSVPPARFLEHVKSECHFFNGTERVRFLERHFYNQEENLRFDSDVGEYRAVTELGRPEAESWNSQKDILEEKRARVDNYCRHNYRVGESFTVQRRGESL,24,TTGGAGCACGTTAAGTCTGAGTGTCATTTCTTCAACGGGACGGAGCGGGTGCGGTTCCTGGAGAGACACTTCTATAACCAGGAGGAGAACCTGCGCTTCGACAGCGACGTGGGGGAGTACCGGGCGGTGACGGAGCTGGGGCGGCCTGAAGCCGAGTCCTGGAACAGCCAGAAGGACATCCTGGAGGAGAAGCGGGCCCGGGTGGACAATTACTGCAGACATAACTACCGGGTTGGTGAGAGCTTCACAGTGCAGCGGCGAG,LEHVKSECHFFNGTERVRFLERHFYNQEENLRFDSDVGEYRAVTELGRPEAESWNSQKDILEEKRARVDNYCRHNYRVGESFTVQRR,4,13895,Paan-DRB*W004:01,19,drb
GCCTCGAGTGTCCCCCCAGCACGTTTCTTGGAGCAGGCTAAGTCTGAGTGTCACTTCTTCAATGGGACGGAGCGGGTGCGGTTCCTGGAGAGACACTTCCATAACCAGGAGGAGTACGCGCGCTTCGACAGCGACGTGGGGGAGTTCCGGGCGGTGACGGAGCTGGGGCGGCCTGCAGCCGAGTCCTGGAACAGCCAGAAGGACTACCTGGAAGACACGCGGGCCTCGGTGGACACCTTCTGCAGATACAACTACGGGGTTGGTGAGAGCTTCACAGTGCAGCGGCGAGGTGAAAGCTTGC,ASSVPPARFLEQAKSECHFFNGTERVRFLERHFHNQEEYARFDSDVGEFRAVTELGRPAAESWNSQKDYLEDTRASVDTFCRYNYGVGESFTVQRRGESL,25,TTGGAGCAGGCTAAGTCTGAGTGTCACTTCTTCAATGGGACGGAGCGGGTGCGGTTCCTGGAGAGACACTTCCATAACCAGGAGGAGTACGCGCGCTTCGACAGCGACGTGGGGGAGTTCCGGGCGGTGACGGAGCTGGGGCGGCCTGCAGCCGAGTCCTGGAACAGCCAGAAGGACTACCTGGAAGACACGCGGGCCTCGGTGGACACCTTCTGCAGATACAACTACGGGGTTGGTGAGAGCTTCACAGTGCAGCGGCGAG,LEQAKSECHFFNGTERVRFLERHFHNQEEYARFDSDVGEFRAVTELGRPAAESWNSQKDYLEDTRASVDTFCRYNYGVGESFTVQRR,5,12548,Paan-DRB*W026:01,19,drb
GCCTCGAGTGTCCCCCCAGCACGTTTCTTGAAGCAGGATAAGTTTGAGTGTCATTTCTTCAACGGGACGGAGCGGGTGCGGTTCCTGCACAGATACATCTATAACCAAGAGGAGGACGCGCGCTTCGACAGCGACGTGGGGGAGTACCGGGCGGTGACGGAGCTGGGGCGCCCTGACGCCGAGTACTGGAACAGCCGGAAGGACGTCCTGGAAGACAGGCGGGCCCAGGTGGACACCGTGTGCAGACACAACTATGGGGTTGTGGAGAGCTTCACAGTGCAGCGGCGAGGTGAAAGCTTGC,ASSVPPARFLKQDKFECHFFNGTERVRFLHRYIYNQEEDARFDSDVGEYRAVTELGRPDAEYWNSRKDVLEDRRAQVDTVCRHNYGVVESFTVQRRGESL,26,TTGAAGCAGGATAAGTTTGAGTGTCATTTCTTCAACGGGACGGAGCGGGTGCGGTTCCTGCACAGATACATCTATAACCAAGAGGAGGACGCGCGCTTCGACAGCGACGTGGGGGAGTACCGGGCGGTGACGGAGCTGGGGCGCCCTGACGCCGAGTACTGGAACAGCCGGAAGGACGTCCTGGAAGACAGGCGGGCCCAGGTGGACACCGTGTGCAGACACAACTATGGGGTTGTGGAGAGCTTCACAGTGCAGCGGCGAG,LKQDKFECHFFNGTERVRFLHRYIYNQEEDARFDSDVGEYRAVTELGRPDAEYWNSRKDVLEDRRAQVDTVCRHNYGVVESFTVQRR,6,6243,Paan-DRB5*03:04,19,drb
GCCTCGAGTGTCCCCCCAGCACGTTTCTTGCAGCAGCAAAAGGCTGAGTGTCGTTTCTTCAACGGGACGGAGCGGGTGCGGTTCCTGGAGAGATACATCTATAACCAGGAGGAGTACGTGCGCTTCGACAGCGACGTCGGGGAGTACCGGGCGGTGACGGAGCTGGGGCGGCCTGACGCCCAGTACTGGAACAGCCAGAAGGACGCCCTGGAGGAGAAGCGGGCCCGGGTGGACACCTACTGCAGACACAACTACCGGGTTGTGGAGAGCTTCACAGTGCAGCGGCGAGGTGAAAGCTTGC,ASSVPPARFLQQQKAECRFFNGTERVRFLERYIYNQEEYVRFDSDVGEYRAVTELGRPDAQYWNSQKDALEEKRARVDTYCRHNYRVVESFTVQRRGESL,27,TTGCAGCAGCAAAAGGCTGAGTGTCGTTTCTTCAACGGGACGGAGCGGGTGCGGTTCCTGGAGAGATACATCTATAACCAGGAGGAGTACGTGCGCTTCGACAGCGACGTCGGGGAGTACCGGGCGGTGACGGAGCTGGGGCGGCCTGACGCCCAGTACTGGAACAGCCAGAAGGACGCCCTGGAGGAGAAGCGGGCCCGGGTGGACACCTACTGCAGACACAACTACCGGGTTGTGGAGAGCTTCACAGTGCAGCGGCGAG,LQQQKAECRFFNGTERVRFLERYIYNQEEYVRFDSDVGEYRAVTELGRPDAQYWNSQKDALEEKRARVDTYCRHNYRVVESFTVQRR,2,19795,UN_Paan-DRB*W007:01,22,drb